touchpoint_id,user_id,campaign_name,channel,sent_at,opened,clicked,replied,outcome
C00424,U0327,alumni-winback,email,2023-12-11T17:12:38,true,false,false,ignored
C00596,U0456,grand-finale-invite,whatsapp,2023-12-11T22:00:46,false,false,false,unsubscribed
C00560,U0420,autumn-edition-invite,discord,2023-12-15T12:32:35,true,false,false,ignored
C00309,U0216,autumn-edition-invite,email,2023-12-16T16:27:06,false,false,false,ignored
C00167,U0118,spring-edition-invite,email,2023-12-17T19:27:59,false,false,false,ignored
C00597,U0458,grand-finale-invite,email,2023-12-26T08:34:17,true,true,false,ignored
C00766,U0588,monsoon-edition-invite,discord,2024-01-02T19:20:00,true,true,true,registered
C00661,U0501,alumni-winback,whatsapp,2024-01-04T09:31:45,true,false,false,ignored
C00438,U0334,alumni-winback,discord,2024-01-26T17:54:45,true,false,false,ignored
C00822,U0634,workshop-announcement,email,2024-01-30T20:11:09,true,true,false,ignored
C00443,U0338,grand-finale-invite,email,2024-02-02T12:31:22,true,true,false,ignored
C00727,U0555,monsoon-edition-invite,email,2024-02-07T20:43:48,false,false,false,ignored
C00637,U0480,autumn-edition-invite,email,2024-02-08T12:09:11,false,false,false,ignored
C00771,U0590,winter-edition-invite,email,2024-02-12T15:12:45,true,true,false,ignored
C00349,U0259,grand-finale-invite,email,2024-02-14T16:05:49,false,false,false,ignored
C00598,U0458,monsoon-edition-invite,email,2024-02-15T18:30:19,false,false,false,ignored
C00797,U0614,track-specific-genai,email,2024-02-19T13:32:08,true,false,false,ignored
C00242,U0175,workshop-announcement,email,2024-02-21T13:51:35,false,false,false,unsubscribed
C00010,U0010,monsoon-edition-invite,whatsapp,2024-02-22T13:48:00,false,false,false,ignored
C00154,U0114,autumn-edition-invite,email,2024-02-25T20:09:23,true,false,false,ignored
C00042,U0029,workshop-announcement,discord,2024-02-25T21:25:51,true,false,false,ignored
C00230,U0165,workshop-announcement,discord,2024-02-28T17:35:37,false,false,false,ignored
C00754,U0584,feedback-request,email,2024-03-01T09:04:20,false,false,false,ignored
C00662,U0501,community-digest,discord,2024-03-02T11:50:38,false,false,false,ignored
C00356,U0262,feedback-request,email,2024-03-03T21:26:00,false,false,false,ignored
C00258,U0185,autumn-edition-invite,whatsapp,2024-03-04T15:07:25,true,false,false,ignored
C00279,U0200,mentor-recruitment,email,2024-03-14T19:40:52,false,false,false,ignored
C00733,U0565,alumni-winback,email,2024-03-16T14:02:10,true,false,false,ignored
C00043,U0029,alumni-winback,whatsapp,2024-03-20T08:25:05,false,false,false,ignored
C00281,U0201,monsoon-edition-invite,email,2024-03-21T20:39:23,true,true,false,ignored
C00528,U0405,spring-edition-invite,email,2024-03-22T19:35:14,true,false,false,ignored
C00168,U0118,track-specific-genai,email,2024-03-27T15:12:36,false,false,false,ignored
C00772,U0590,community-digest,whatsapp,2024-03-27T20:04:20,false,false,false,ignored
C00518,U0400,monsoon-edition-invite,discord,2024-03-27T20:18:50,false,false,false,ignored
C00244,U0177,autumn-edition-invite,email,2024-03-28T11:03:43,true,false,false,ignored
C00734,U0565,grand-finale-invite,whatsapp,2024-04-04T22:05:08,true,false,false,ignored
C00527,U0404,alumni-winback,email,2024-04-05T10:18:38,true,true,false,ignored
C00817,U0632,spring-edition-invite,email,2024-04-05T19:34:56,false,false,false,ignored
C00543,U0411,mentor-recruitment,email,2024-04-05T21:12:50,false,false,false,ignored
C00735,U0565,monsoon-edition-invite,email,2024-04-11T12:55:08,true,false,false,ignored
C00365,U0267,track-specific-genai,email,2024-04-20T13:31:26,true,false,false,ignored
C00538,U0410,track-specific-genai,email,2024-04-20T14:42:09,false,false,false,ignored
C00747,U0574,alumni-winback,email,2024-04-20T23:36:19,false,false,false,ignored
C00169,U0118,spring-edition-invite,email,2024-04-21T18:58:40,true,false,false,ignored
C00158,U0116,workshop-announcement,email,2024-04-24T16:22:51,false,false,false,ignored
C00456,U0351,winter-edition-invite,whatsapp,2024-04-25T18:13:26,false,false,false,ignored
C00654,U0494,winter-edition-invite,discord,2024-04-26T22:58:21,true,false,false,ignored
C00737,U0567,grand-finale-invite,email,2024-04-26T23:54:50,false,false,false,ignored
C00157,U0115,community-digest,email,2024-04-27T08:07:09,false,false,false,ignored
C00692,U0523,grand-finale-invite,email,2024-04-29T08:59:47,false,false,false,ignored
C00357,U0262,track-specific-web3,email,2024-04-29T16:21:06,true,true,true,registered
C00294,U0209,autumn-edition-invite,whatsapp,2024-04-30T12:13:46,true,true,true,registered
C00698,U0536,mentor-recruitment,email,2024-05-01T12:04:25,true,false,false,unsubscribed
C00263,U0188,feedback-request,email,2024-05-03T14:18:51,true,false,false,ignored
C00760,U0586,track-specific-genai,discord,2024-05-07T13:13:45,true,false,false,ignored
C00767,U0588,track-specific-genai,whatsapp,2024-05-08T08:50:46,false,false,false,ignored
C00321,U0229,mentor-recruitment,email,2024-05-08T21:34:24,true,false,false,unsubscribed
C00667,U0502,alumni-winback,whatsapp,2024-05-09T11:30:21,false,false,false,ignored
C00788,U0609,alumni-winback,whatsapp,2024-05-09T13:25:15,false,false,false,ignored
C00748,U0574,monsoon-edition-invite,email,2024-05-10T11:36:49,true,false,false,ignored
C00099,U0078,monsoon-edition-invite,email,2024-05-13T23:54:17,false,false,false,ignored
C00658,U0500,spring-edition-invite,discord,2024-05-20T08:10:09,false,false,false,ignored
C00234,U0171,mentor-recruitment,email,2024-06-01T11:59:07,true,false,false,ignored
C00065,U0046,grand-finale-invite,email,2024-06-01T22:13:18,false,false,false,ignored
C00310,U0216,winter-edition-invite,whatsapp,2024-06-02T09:19:28,false,false,false,ignored
C00549,U0415,feedback-request,email,2024-06-08T17:39:45,true,false,false,ignored
C00147,U0109,alumni-winback,email,2024-06-09T08:11:41,false,false,false,ignored
C00488,U0371,spring-edition-invite,email,2024-06-15T18:11:32,false,false,false,ignored
C00529,U0406,mentor-recruitment,email,2024-06-17T12:12:56,true,false,false,ignored
C00023,U0022,autumn-edition-invite,discord,2024-06-20T12:56:05,true,false,false,ignored
C00391,U0303,grand-finale-invite,whatsapp,2024-06-23T08:45:45,true,false,false,ignored
C00079,U0062,monsoon-edition-invite,email,2024-06-24T13:25:11,false,false,false,ignored
C00195,U0137,community-digest,email,2024-06-26T23:27:36,false,false,false,ignored
C00425,U0327,spring-edition-invite,email,2024-06-27T23:04:08,true,false,false,ignored
C00479,U0366,alumni-winback,email,2024-06-29T09:19:15,false,false,false,ignored
C00344,U0254,grand-finale-invite,email,2024-06-29T12:53:50,false,false,false,ignored
C00778,U0594,community-digest,email,2024-07-05T10:06:32,true,false,false,ignored
C00711,U0544,workshop-announcement,email,2024-07-08T18:13:09,true,false,false,ignored
C00484,U0368,autumn-edition-invite,email,2024-07-10T12:18:43,true,false,false,ignored
C00714,U0545,mentor-recruitment,email,2024-07-11T16:23:41,true,false,false,ignored
C00161,U0117,winter-edition-invite,whatsapp,2024-07-12T19:58:18,false,false,false,ignored
C00319,U0226,track-specific-web3,whatsapp,2024-07-13T17:47:15,false,false,false,ignored
C00005,U0007,mentor-recruitment,email,2024-07-13T21:42:21,false,false,false,ignored
C00508,U0393,alumni-winback,whatsapp,2024-07-15T22:19:26,true,true,false,ignored
C00284,U0204,autumn-edition-invite,email,2024-07-16T18:13:45,false,false,false,ignored
C00823,U0634,spring-edition-invite,email,2024-07-19T08:24:41,true,true,false,ignored
C00591,U0453,winter-edition-invite,email,2024-07-19T10:41:32,false,false,false,ignored
C00326,U0235,track-specific-web3,email,2024-07-19T13:31:08,true,false,false,ignored
C00207,U0150,mentor-recruitment,discord,2024-07-19T17:36:35,false,false,false,ignored
C00084,U0069,mentor-recruitment,email,2024-07-20T13:24:45,false,false,false,ignored
C00830,U0637,autumn-edition-invite,email,2024-07-21T09:01:38,false,false,false,ignored
C00028,U0024,grand-finale-invite,discord,2024-07-22T23:43:02,false,false,false,ignored
C00755,U0584,mentor-recruitment,whatsapp,2024-07-23T10:36:12,false,false,false,ignored
C00672,U0505,grand-finale-invite,email,2024-07-24T17:59:57,true,false,false,ignored
C00128,U0096,track-specific-web3,whatsapp,2024-07-25T08:16:14,true,false,false,ignored
C00473,U0363,alumni-winback,email,2024-07-26T11:21:27,true,false,false,ignored
C00137,U0103,spring-edition-invite,email,2024-07-27T09:10:28,false,false,false,ignored
C00276,U0195,track-specific-web3,email,2024-07-27T13:48:16,false,false,false,ignored
C00426,U0327,spring-edition-invite,whatsapp,2024-07-28T09:15:19,true,false,false,ignored
C00655,U0494,grand-finale-invite,email,2024-08-01T10:04:49,true,true,false,ignored
C00455,U0349,track-specific-web3,email,2024-08-07T11:40:02,true,false,false,ignored
C00550,U0415,grand-finale-invite,email,2024-08-10T19:02:01,false,false,false,ignored
C00173,U0122,community-digest,email,2024-08-15T12:28:42,false,false,false,ignored
C00631,U0476,mentor-recruitment,email,2024-08-16T08:31:47,true,false,false,ignored
C00107,U0083,track-specific-genai,whatsapp,2024-08-16T22:19:37,true,false,false,ignored
C00083,U0066,grand-finale-invite,email,2024-08-16T23:52:07,false,false,false,unsubscribed
C00824,U0634,monsoon-edition-invite,email,2024-08-17T11:07:20,true,false,false,ignored
C00776,U0593,feedback-request,email,2024-08-17T13:46:32,false,false,false,ignored
C00485,U0368,community-digest,discord,2024-08-17T15:12:08,true,true,false,unsubscribed
C00004,U0005,winter-edition-invite,email,2024-08-19T08:58:05,true,true,true,registered
C00503,U0386,community-digest,whatsapp,2024-08-22T21:20:12,true,false,false,ignored
C00805,U0617,alumni-winback,email,2024-08-25T20:08:53,true,false,false,unsubscribed
C00333,U0242,grand-finale-invite,email,2024-08-26T09:19:59,true,false,false,unsubscribed
C00530,U0406,grand-finale-invite,email,2024-08-26T10:17:58,true,false,false,unsubscribed
C00539,U0410,autumn-edition-invite,email,2024-08-27T10:18:08,false,false,false,ignored
C00811,U0626,grand-finale-invite,email,2024-08-29T14:32:28,false,false,false,ignored
C00611,U0464,autumn-edition-invite,email,2024-08-31T17:09:58,false,false,false,ignored
C00533,U0408,mentor-recruitment,email,2024-09-02T13:47:53,false,false,false,ignored
C00382,U0297,track-specific-web3,email,2024-09-04T22:56:56,true,false,false,ignored
C00392,U0303,monsoon-edition-invite,discord,2024-09-09T10:35:51,false,false,false,ignored
C00739,U0569,spring-edition-invite,email,2024-09-14T15:18:23,true,true,false,ignored
C00403,U0313,winter-edition-invite,whatsapp,2024-09-19T16:11:34,true,true,true,registered
C00448,U0339,feedback-request,email,2024-09-19T23:17:01,false,false,false,ignored
C00557,U0419,workshop-announcement,email,2024-09-23T10:11:34,false,false,false,ignored
C00720,U0549,alumni-winback,whatsapp,2024-09-23T20:03:26,true,true,false,ignored
C00615,U0465,community-digest,email,2024-09-28T18:52:21,false,false,false,ignored
C00358,U0262,mentor-recruitment,email,2024-09-30T14:12:50,false,false,false,ignored
C00379,U0295,autumn-edition-invite,email,2024-09-30T23:49:33,true,false,false,ignored
C00044,U0029,autumn-edition-invite,whatsapp,2024-10-04T21:25:34,true,true,false,ignored
C00761,U0586,mentor-recruitment,email,2024-10-07T16:13:59,true,true,false,ignored
C00531,U0407,monsoon-edition-invite,email,2024-10-09T16:36:17,false,false,false,ignored
C00679,U0514,alumni-winback,email,2024-10-10T17:31:33,false,false,false,ignored
C00093,U0075,winter-edition-invite,email,2024-10-10T21:31:27,false,false,false,ignored
C00534,U0409,winter-edition-invite,email,2024-10-11T19:14:55,true,false,false,ignored
C00439,U0334,track-specific-genai,email,2024-10-11T22:33:58,false,false,false,ignored
C00383,U0297,spring-edition-invite,discord,2024-10-13T10:51:41,false,false,false,ignored
C00359,U0262,alumni-winback,email,2024-10-13T13:34:10,false,false,false,ignored
C00787,U0606,winter-edition-invite,whatsapp,2024-10-14T08:22:37,true,false,false,ignored
C00504,U0386,spring-edition-invite,email,2024-10-14T16:11:56,false,false,false,ignored
C00241,U0174,track-specific-web3,whatsapp,2024-10-16T23:53:03,true,false,false,ignored
C00148,U0109,alumni-winback,email,2024-10-18T13:21:05,true,true,false,bounced
C00350,U0259,mentor-recruitment,email,2024-10-18T14:13:50,false,false,false,ignored
C00204,U0148,spring-edition-invite,email,2024-10-18T18:21:17,true,false,false,bounced
C00395,U0304,winter-edition-invite,email,2024-10-19T19:36:28,true,false,false,ignored
C00024,U0022,community-digest,email,2024-10-19T19:54:03,true,false,false,ignored
C00468,U0361,autumn-edition-invite,email,2024-10-21T17:29:55,false,false,false,ignored
C00756,U0584,mentor-recruitment,email,2024-10-22T17:02:00,true,false,false,ignored
C00693,U0523,workshop-announcement,email,2024-10-22T19:42:51,true,false,false,ignored
C00336,U0247,workshop-announcement,email,2024-10-23T19:42:07,true,false,false,ignored
C00829,U0636,monsoon-edition-invite,email,2024-10-25T13:09:03,true,false,false,ignored
C00398,U0305,alumni-winback,discord,2024-10-25T15:09:45,true,false,false,bounced
C00524,U0403,spring-edition-invite,email,2024-10-27T08:35:03,true,false,false,ignored
C00270,U0193,track-specific-web3,email,2024-10-28T19:21:22,true,false,false,ignored
C00404,U0313,alumni-winback,whatsapp,2024-10-28T19:52:41,false,false,false,ignored
C00795,U0613,winter-edition-invite,email,2024-11-02T13:53:36,false,false,false,ignored
C00119,U0093,workshop-announcement,whatsapp,2024-11-06T19:27:45,true,false,false,ignored
C00757,U0584,autumn-edition-invite,email,2024-11-07T16:09:00,false,false,false,ignored
C00821,U0633,winter-edition-invite,email,2024-11-09T19:16:20,false,false,false,unsubscribed
C00515,U0398,track-specific-genai,email,2024-11-10T13:29:24,true,false,false,ignored
C00048,U0033,alumni-winback,email,2024-11-11T13:56:08,true,false,false,ignored
C00129,U0096,winter-edition-invite,whatsapp,2024-11-12T10:51:44,true,false,false,ignored
C00659,U0500,grand-finale-invite,email,2024-11-12T16:59:52,true,false,false,ignored
C00249,U0181,grand-finale-invite,email,2024-11-15T12:53:24,true,false,false,ignored
C00571,U0431,track-specific-web3,whatsapp,2024-11-15T13:48:13,false,false,false,ignored
C00314,U0220,track-specific-web3,whatsapp,2024-11-15T18:12:50,true,false,false,ignored
C00582,U0443,monsoon-edition-invite,email,2024-11-17T15:25:34,true,false,false,ignored
C00096,U0076,alumni-winback,email,2024-11-18T08:46:45,false,false,false,ignored
C00208,U0150,grand-finale-invite,email,2024-11-18T20:29:50,true,false,false,ignored
C00360,U0262,alumni-winback,email,2024-11-19T23:58:03,false,false,false,ignored
C00260,U0187,feedback-request,email,2024-11-20T17:37:15,true,true,true,registered
C00612,U0464,mentor-recruitment,discord,2024-11-21T08:41:19,false,false,false,ignored
C00783,U0604,winter-edition-invite,whatsapp,2024-11-21T14:01:38,true,false,false,ignored
C00108,U0083,feedback-request,email,2024-11-22T22:22:20,false,false,false,ignored
C00427,U0327,autumn-edition-invite,whatsapp,2024-11-24T10:28:12,true,false,false,ignored
C00751,U0577,spring-edition-invite,email,2024-11-26T08:35:24,true,false,false,ignored
C00579,U0441,autumn-edition-invite,email,2024-11-27T22:24:28,false,false,false,ignored
C00652,U0492,mentor-recruitment,email,2024-11-29T13:46:43,false,false,false,ignored
C00100,U0078,monsoon-edition-invite,whatsapp,2024-11-29T21:35:51,true,false,false,ignored
C00626,U0472,community-digest,email,2024-12-03T22:03:57,false,false,false,ignored
C00202,U0146,alumni-winback,email,2024-12-05T09:06:32,true,false,false,ignored
C00026,U0023,track-specific-web3,email,2024-12-05T11:08:17,false,false,false,ignored
C00311,U0216,community-digest,email,2024-12-05T13:36:39,true,true,false,ignored
C00740,U0569,monsoon-edition-invite,whatsapp,2024-12-07T14:59:12,false,false,false,ignored
C00162,U0117,community-digest,whatsapp,2024-12-07T19:47:58,true,false,false,ignored
C00387,U0300,monsoon-edition-invite,email,2024-12-10T19:41:37,true,false,false,ignored
C00271,U0193,grand-finale-invite,email,2024-12-14T11:31:00,false,false,false,ignored
C00431,U0330,track-specific-web3,email,2024-12-14T11:54:22,false,false,false,ignored
C00214,U0157,workshop-announcement,discord,2024-12-16T10:35:58,false,false,false,ignored
C00305,U0214,track-specific-web3,email,2024-12-16T20:44:55,true,true,false,bounced
C00120,U0093,spring-edition-invite,email,2024-12-17T15:31:27,false,false,false,ignored
C00474,U0363,spring-edition-invite,email,2024-12-18T12:47:22,true,true,false,ignored
C00380,U0295,track-specific-genai,email,2024-12-18T13:58:55,false,false,false,ignored
C00477,U0365,alumni-winback,whatsapp,2024-12-18T18:36:14,false,false,false,ignored
C00345,U0254,track-specific-web3,discord,2024-12-19T09:03:49,true,false,false,ignored
C00277,U0198,community-digest,email,2024-12-19T19:48:04,true,false,false,ignored
C00509,U0393,mentor-recruitment,email,2024-12-20T09:58:35,false,false,false,ignored
C00798,U0614,winter-edition-invite,email,2024-12-20T21:46:59,true,false,false,ignored
C00337,U0247,track-specific-web3,email,2024-12-20T22:13:59,false,false,false,ignored
C00113,U0084,grand-finale-invite,email,2024-12-20T22:49:55,true,true,true,registered
C00519,U0400,winter-edition-invite,email,2024-12-21T13:53:44,true,false,false,ignored
C00393,U0303,workshop-announcement,email,2024-12-21T20:28:26,true,true,true,registered
C00013,U0011,monsoon-edition-invite,email,2024-12-21T21:33:43,true,false,false,ignored
C00045,U0029,autumn-edition-invite,email,2024-12-22T11:08:46,true,true,false,unsubscribed
C00599,U0458,workshop-announcement,whatsapp,2024-12-22T13:32:27,false,false,false,ignored
C00712,U0544,autumn-edition-invite,email,2024-12-23T11:16:12,true,true,false,ignored
C00603,U0460,track-specific-web3,email,2024-12-24T08:52:06,true,false,false,ignored
C00741,U0569,workshop-announcement,email,2024-12-25T10:06:34,false,false,false,ignored
C00605,U0462,monsoon-edition-invite,email,2024-12-26T13:15:06,true,false,false,ignored
C00327,U0235,community-digest,email,2024-12-27T15:46:38,false,false,false,ignored
C00499,U0385,feedback-request,email,2024-12-28T08:03:38,false,false,false,ignored
C00068,U0049,alumni-winback,whatsapp,2024-12-29T12:19:10,true,true,false,ignored
C00407,U0315,grand-finale-invite,email,2024-12-29T14:09:09,true,false,false,bounced
C00551,U0415,track-specific-genai,email,2024-12-31T12:18:36,true,false,false,ignored
C00500,U0385,spring-edition-invite,email,2024-12-31T21:23:44,true,false,false,ignored
C00566,U0424,spring-edition-invite,email,2024-12-31T22:56:11,true,true,false,ignored
C00144,U0107,winter-edition-invite,email,2025-01-04T13:34:13,false,false,false,ignored
C00464,U0355,winter-edition-invite,whatsapp,2025-01-04T19:02:48,false,false,false,ignored
C00151,U0111,mentor-recruitment,email,2025-01-05T19:32:58,true,false,false,unsubscribed
C00752,U0577,alumni-winback,discord,2025-01-07T12:49:58,false,false,false,bounced
C00134,U0102,monsoon-edition-invite,email,2025-01-09T22:44:27,true,false,false,ignored
C00209,U0150,feedback-request,email,2025-01-10T10:41:35,false,false,false,ignored
C00466,U0359,autumn-edition-invite,email,2025-01-10T10:51:28,true,false,false,ignored
C00651,U0490,monsoon-edition-invite,email,2025-01-10T18:01:00,false,false,false,ignored
C00257,U0184,community-digest,discord,2025-01-10T21:13:13,false,false,false,ignored
C00178,U0127,feedback-request,email,2025-01-13T09:49:01,false,false,false,ignored
C00510,U0393,spring-edition-invite,whatsapp,2025-01-13T11:57:01,true,false,false,ignored
C00295,U0209,community-digest,email,2025-01-15T12:58:13,true,false,false,ignored
C00641,U0482,grand-finale-invite,email,2025-01-18T12:11:11,false,false,false,ignored
C00501,U0385,track-specific-web3,email,2025-01-19T16:39:58,true,false,false,ignored
C00725,U0553,workshop-announcement,whatsapp,2025-01-21T09:14:15,false,false,false,ignored
C00255,U0183,autumn-edition-invite,email,2025-01-21T20:14:43,false,false,false,ignored
C00444,U0338,autumn-edition-invite,email,2025-01-22T23:01:37,false,false,false,ignored
C00066,U0046,feedback-request,email,2025-01-23T10:20:44,true,false,false,ignored
C00245,U0178,autumn-edition-invite,email,2025-01-23T20:11:04,true,true,false,ignored
C00409,U0316,track-specific-genai,discord,2025-01-23T22:05:30,true,true,true,registered
C00592,U0453,track-specific-web3,email,2025-01-24T09:01:38,true,false,false,ignored
C00123,U0095,track-specific-web3,whatsapp,2025-01-24T13:14:11,false,false,false,bounced
C00644,U0487,autumn-edition-invite,email,2025-01-25T23:04:54,true,false,false,ignored
C00825,U0634,track-specific-genai,email,2025-01-27T15:09:42,true,false,false,ignored
C00593,U0455,workshop-announcement,email,2025-01-27T20:02:10,false,false,false,ignored
C00826,U0634,workshop-announcement,email,2025-01-27T22:17:44,false,false,false,ignored
C00475,U0363,track-specific-web3,email,2025-01-28T14:30:04,false,false,false,ignored
C00581,U0442,workshop-announcement,email,2025-01-28T18:46:02,false,false,false,ignored
C00602,U0459,grand-finale-invite,whatsapp,2025-01-29T08:34:44,true,true,true,registered
C00777,U0593,feedback-request,discord,2025-01-29T23:33:11,false,false,false,ignored
C00561,U0420,workshop-announcement,email,2025-01-30T10:01:41,false,false,false,ignored
C00656,U0494,spring-edition-invite,whatsapp,2025-01-30T16:42:24,true,false,false,ignored
C00742,U0569,autumn-edition-invite,email,2025-01-30T19:24:37,false,false,false,ignored
C00686,U0519,grand-finale-invite,email,2025-01-31T11:33:13,true,false,false,ignored
C00583,U0443,monsoon-edition-invite,email,2025-02-01T08:49:42,false,false,false,ignored
C00155,U0114,monsoon-edition-invite,email,2025-02-01T16:57:00,false,false,false,ignored
C00210,U0153,autumn-edition-invite,email,2025-02-01T18:40:06,false,false,false,ignored
C00339,U0248,community-digest,whatsapp,2025-02-01T21:07:21,false,false,false,ignored
C00736,U0565,alumni-winback,email,2025-02-01T21:26:14,true,false,false,ignored
C00410,U0316,workshop-announcement,discord,2025-02-02T21:03:53,false,false,false,ignored
C00619,U0468,feedback-request,email,2025-02-03T22:58:17,false,false,false,ignored
C00445,U0338,workshop-announcement,email,2025-02-04T10:34:23,false,false,false,ignored
C00278,U0198,track-specific-genai,whatsapp,2025-02-04T17:38:39,false,false,false,unsubscribed
C00432,U0330,spring-edition-invite,email,2025-02-05T12:07:35,true,true,false,ignored
C00231,U0165,grand-finale-invite,discord,2025-02-05T12:11:57,false,false,false,ignored
C00831,U0637,alumni-winback,email,2025-02-06T14:43:34,false,false,false,ignored
C00687,U0519,winter-edition-invite,email,2025-02-07T13:10:11,false,false,false,ignored
C00131,U0101,monsoon-edition-invite,email,2025-02-07T20:25:10,true,false,false,ignored
C00796,U0613,grand-finale-invite,email,2025-02-08T09:33:18,false,false,false,unsubscribed
C00525,U0403,track-specific-genai,email,2025-02-08T17:42:25,true,true,true,registered
C00019,U0016,workshop-announcement,email,2025-02-11T20:52:38,true,false,false,unsubscribed
C00203,U0146,grand-finale-invite,discord,2025-02-12T23:48:04,false,false,false,unsubscribed
C00306,U0214,autumn-edition-invite,email,2025-02-13T21:00:55,true,false,false,ignored
C00577,U0437,grand-finale-invite,discord,2025-02-15T23:24:23,true,true,false,bounced
C00506,U0388,track-specific-genai,email,2025-02-17T21:41:45,false,false,false,ignored
C00063,U0044,track-specific-genai,email,2025-02-19T22:09:33,true,false,false,ignored
C00420,U0325,spring-edition-invite,whatsapp,2025-02-20T14:25:29,true,true,true,registered
C00480,U0366,autumn-edition-invite,email,2025-02-20T20:32:00,false,false,false,ignored
C00653,U0492,feedback-request,email,2025-02-20T22:07:17,true,true,false,unsubscribed
C00097,U0077,grand-finale-invite,email,2025-02-23T08:37:47,false,false,false,ignored
C00184,U0132,autumn-edition-invite,email,2025-02-28T20:33:58,true,true,true,registered
C00069,U0049,winter-edition-invite,email,2025-03-03T11:26:56,false,false,false,ignored
C00638,U0480,mentor-recruitment,email,2025-03-07T21:17:07,true,false,false,bounced
C00494,U0377,winter-edition-invite,whatsapp,2025-03-08T16:51:29,false,false,false,ignored
C00098,U0077,community-digest,email,2025-03-09T23:01:16,true,false,false,ignored
C00132,U0101,winter-edition-invite,email,2025-03-10T15:59:52,true,false,false,ignored
C00688,U0519,winter-edition-invite,email,2025-03-10T21:54:52,false,false,false,ignored
C00199,U0144,track-specific-web3,email,2025-03-12T11:52:57,false,false,false,ignored
C00287,U0206,monsoon-edition-invite,email,2025-03-14T18:47:09,false,false,false,ignored
C00684,U0518,monsoon-edition-invite,whatsapp,2025-03-14T22:57:43,false,false,false,ignored
C00731,U0559,alumni-winback,email,2025-03-15T14:23:08,false,false,false,ignored
C00017,U0014,winter-edition-invite,email,2025-03-16T20:51:52,false,false,false,ignored
C00124,U0095,spring-edition-invite,email,2025-03-16T22:01:22,true,true,false,ignored
C00200,U0144,winter-edition-invite,whatsapp,2025-03-16T23:34:24,true,false,false,ignored
C00322,U0231,track-specific-genai,discord,2025-03-17T11:29:27,true,true,true,registered
C00125,U0095,autumn-edition-invite,email,2025-03-20T08:11:15,false,false,false,ignored
C00177,U0123,track-specific-genai,whatsapp,2025-03-21T12:13:05,false,false,false,ignored
C00174,U0122,grand-finale-invite,email,2025-03-21T22:39:34,false,false,false,ignored
C00233,U0169,community-digest,email,2025-03-23T14:57:32,false,false,false,ignored
C00696,U0531,workshop-announcement,email,2025-03-23T20:39:24,false,false,false,ignored
C00616,U0465,monsoon-edition-invite,whatsapp,2025-03-24T12:58:10,true,true,false,ignored
C00315,U0220,community-digest,discord,2025-03-25T22:11:04,true,true,true,registered
C00457,U0351,community-digest,whatsapp,2025-03-26T16:08:14,false,false,false,ignored
C00620,U0468,monsoon-edition-invite,whatsapp,2025-03-26T18:42:18,true,true,false,ignored
C00806,U0619,autumn-edition-invite,email,2025-03-27T19:26:52,true,false,false,ignored
C00211,U0153,track-specific-genai,whatsapp,2025-03-29T21:30:16,true,false,false,ignored
C00115,U0089,workshop-announcement,email,2025-03-30T15:04:52,false,false,false,ignored
C00163,U0117,mentor-recruitment,email,2025-03-30T20:09:38,true,false,false,ignored
C00109,U0083,track-specific-web3,email,2025-04-01T19:34:49,false,false,false,ignored
C00092,U0074,feedback-request,discord,2025-04-02T13:04:38,true,false,false,ignored
C00374,U0281,track-specific-web3,whatsapp,2025-04-03T23:26:08,true,false,false,ignored
C00521,U0401,alumni-winback,email,2025-04-04T11:45:12,false,false,false,ignored
C00085,U0069,mentor-recruitment,email,2025-04-04T15:19:11,false,false,false,ignored
C00121,U0094,grand-finale-invite,email,2025-04-04T18:17:59,true,true,false,ignored
C00685,U0518,grand-finale-invite,email,2025-04-04T19:55:22,false,false,false,ignored
C00268,U0192,grand-finale-invite,discord,2025-04-08T14:57:05,true,false,false,ignored
C00512,U0394,alumni-winback,whatsapp,2025-04-11T17:07:41,true,false,false,ignored
C00059,U0043,monsoon-edition-invite,email,2025-04-13T12:10:44,false,false,false,ignored
C00544,U0411,monsoon-edition-invite,email,2025-04-14T08:33:40,false,false,false,ignored
C00246,U0178,mentor-recruitment,email,2025-04-14T08:48:14,false,false,false,ignored
C00296,U0210,mentor-recruitment,whatsapp,2025-04-14T23:40:25,false,false,false,ignored
C00146,U0108,community-digest,discord,2025-04-14T23:58:11,false,false,false,ignored
C00361,U0263,alumni-winback,email,2025-04-15T23:45:18,false,false,false,ignored
C00635,U0479,track-specific-genai,discord,2025-04-16T10:39:52,true,false,false,ignored
C00103,U0082,mentor-recruitment,email,2025-04-16T17:36:55,false,false,false,ignored
C00312,U0218,feedback-request,email,2025-04-16T19:44:09,false,false,false,ignored
C00554,U0417,track-specific-genai,whatsapp,2025-04-17T19:57:07,false,false,false,ignored
C00346,U0255,workshop-announcement,whatsapp,2025-04-17T21:16:42,false,false,false,ignored
C00217,U0159,grand-finale-invite,email,2025-04-18T08:41:46,true,false,false,ignored
C00453,U0347,community-digest,email,2025-04-18T22:48:28,false,false,false,ignored
C00188,U0133,mentor-recruitment,email,2025-04-19T09:35:10,true,true,false,ignored
C00367,U0270,community-digest,discord,2025-04-19T11:34:39,true,false,false,ignored
C00613,U0464,monsoon-edition-invite,whatsapp,2025-04-20T08:25:33,false,false,false,ignored
C00384,U0297,spring-edition-invite,email,2025-04-21T12:19:28,false,false,false,ignored
C00138,U0103,spring-edition-invite,email,2025-04-21T15:30:38,true,false,false,ignored
C00690,U0521,alumni-winback,email,2025-04-22T20:17:17,true,false,false,ignored
C00478,U0365,mentor-recruitment,email,2025-04-23T17:18:42,false,false,false,ignored
C00768,U0588,track-specific-web3,email,2025-04-24T11:21:55,false,false,false,ignored
C00604,U0460,track-specific-web3,email,2025-04-25T13:39:03,false,false,false,ignored
C00721,U0549,track-specific-genai,whatsapp,2025-04-26T14:06:42,false,false,false,ignored
C00072,U0052,track-specific-web3,email,2025-04-26T23:00:47,false,false,false,ignored
C00449,U0340,alumni-winback,discord,2025-04-28T16:27:55,false,false,false,ignored
C00621,U0468,autumn-edition-invite,whatsapp,2025-04-28T19:02:42,false,false,false,ignored
C00558,U0419,monsoon-edition-invite,email,2025-04-30T16:42:51,false,false,false,ignored
C00732,U0563,spring-edition-invite,whatsapp,2025-04-30T20:58:06,false,false,false,ignored
C00082,U0063,spring-edition-invite,email,2025-04-30T23:45:35,true,false,false,ignored
C00496,U0378,winter-edition-invite,whatsapp,2025-05-02T13:07:13,true,true,false,ignored
C00377,U0283,track-specific-web3,email,2025-05-03T16:30:57,false,false,false,ignored
C00189,U0133,mentor-recruitment,discord,2025-05-04T11:39:40,true,false,false,ignored
C00555,U0417,track-specific-web3,email,2025-05-06T09:36:10,false,false,false,ignored
C00201,U0144,track-specific-genai,email,2025-05-06T12:22:57,false,false,false,ignored
C00703,U0540,community-digest,email,2025-05-07T12:26:09,false,false,false,ignored
C00505,U0386,track-specific-web3,email,2025-05-09T19:06:35,false,false,false,ignored
C00369,U0271,autumn-edition-invite,email,2025-05-10T08:57:31,false,false,false,ignored
C00708,U0543,winter-edition-invite,discord,2025-05-10T09:23:13,false,false,false,ignored
C00058,U0041,monsoon-edition-invite,discord,2025-05-11T11:44:23,true,true,true,registered
C00159,U0116,workshop-announcement,email,2025-05-12T12:01:43,false,false,false,ignored
C00834,U0639,winter-edition-invite,email,2025-05-13T08:26:01,true,true,false,ignored
C00373,U0278,winter-edition-invite,email,2025-05-17T14:42:53,false,false,false,ignored
C00812,U0627,feedback-request,email,2025-05-17T17:30:27,false,false,false,ignored
C00632,U0476,track-specific-web3,discord,2025-05-18T10:43:26,false,false,false,ignored
C00011,U0010,monsoon-edition-invite,email,2025-05-18T11:09:45,false,false,false,ignored
C00630,U0475,autumn-edition-invite,email,2025-05-19T11:13:21,false,false,false,ignored
C00080,U0062,community-digest,discord,2025-05-20T09:18:48,true,true,true,registered
C00368,U0270,alumni-winback,discord,2025-05-20T12:51:07,false,false,false,ignored
C00054,U0036,winter-edition-invite,email,2025-05-20T19:05:15,true,false,false,ignored
C00317,U0223,feedback-request,whatsapp,2025-05-22T08:36:24,true,false,false,ignored
C00027,U0023,workshop-announcement,email,2025-05-23T15:11:18,false,false,false,ignored
C00585,U0445,track-specific-genai,email,2025-05-23T15:15:00,true,false,false,ignored
C00192,U0135,grand-finale-invite,email,2025-05-24T14:24:00,true,false,false,ignored
C00269,U0192,workshop-announcement,email,2025-05-25T10:43:40,true,false,false,ignored
C00412,U0317,mentor-recruitment,email,2025-05-25T17:54:21,false,false,false,ignored
C00722,U0549,alumni-winback,email,2025-05-29T08:18:39,true,true,false,ignored
C00564,U0423,autumn-edition-invite,email,2025-05-29T12:01:39,true,false,false,ignored
C00353,U0260,mentor-recruitment,email,2025-05-29T13:44:22,true,false,false,ignored
C00572,U0431,alumni-winback,email,2025-05-30T08:34:27,true,false,false,ignored
C00341,U0249,track-specific-genai,email,2025-05-30T23:32:06,false,false,false,ignored
C00814,U0631,track-specific-web3,email,2025-05-31T13:04:08,true,false,false,ignored
C00014,U0012,feedback-request,whatsapp,2025-05-31T18:50:50,true,true,false,ignored
C00238,U0173,monsoon-edition-invite,whatsapp,2025-06-01T19:10:23,true,false,false,ignored
C00286,U0205,track-specific-web3,email,2025-06-02T14:36:27,true,true,false,ignored
C00122,U0094,workshop-announcement,email,2025-06-02T15:13:00,false,false,false,ignored
C00324,U0233,track-specific-genai,email,2025-06-04T22:04:49,false,false,false,ignored
C00547,U0414,autumn-edition-invite,email,2025-06-06T14:37:51,true,false,false,ignored
C00133,U0101,workshop-announcement,email,2025-06-09T13:17:29,false,false,false,ignored
C00645,U0487,track-specific-genai,email,2025-06-09T20:55:00,true,false,false,ignored
C00573,U0431,track-specific-genai,email,2025-06-11T15:12:41,false,false,false,ignored
C00116,U0089,grand-finale-invite,email,2025-06-11T16:04:49,false,false,false,ignored
C00394,U0303,grand-finale-invite,email,2025-06-12T18:47:07,true,false,false,ignored
C00675,U0507,track-specific-web3,email,2025-06-14T19:08:30,true,true,true,registered
C00827,U0635,community-digest,whatsapp,2025-06-16T12:51:03,false,false,false,ignored
C00511,U0393,spring-edition-invite,discord,2025-06-16T19:23:09,true,false,false,ignored
C00704,U0540,track-specific-genai,email,2025-06-17T10:49:49,true,true,true,registered
C00110,U0083,autumn-edition-invite,whatsapp,2025-06-17T21:27:43,true,false,false,ignored
C00762,U0586,workshop-announcement,email,2025-06-18T17:25:08,true,true,true,registered
C00253,U0182,track-specific-genai,whatsapp,2025-06-18T18:15:29,false,false,false,ignored
C00705,U0540,grand-finale-invite,email,2025-06-19T10:05:28,false,false,false,ignored
C00297,U0210,mentor-recruitment,email,2025-06-19T23:15:56,false,false,false,ignored
C00434,U0331,track-specific-genai,email,2025-06-20T17:49:02,false,false,false,ignored
C00717,U0547,community-digest,email,2025-06-20T20:30:21,true,false,false,ignored
C00316,U0220,spring-edition-invite,discord,2025-06-21T12:57:06,true,false,false,ignored
C00715,U0545,autumn-edition-invite,email,2025-06-22T14:24:06,false,false,false,ignored
C00140,U0106,grand-finale-invite,email,2025-06-22T17:57:41,false,false,false,ignored
C00025,U0022,alumni-winback,discord,2025-06-26T11:20:55,false,false,false,ignored
C00215,U0157,grand-finale-invite,email,2025-06-28T21:00:08,false,false,false,ignored
C00086,U0070,mentor-recruitment,email,2025-06-28T22:44:35,true,false,false,ignored
C00622,U0468,workshop-announcement,email,2025-06-29T21:31:00,true,true,true,registered
C00250,U0181,grand-finale-invite,email,2025-06-29T22:19:06,true,false,false,ignored
C00235,U0171,community-digest,discord,2025-06-30T20:10:25,true,false,false,ignored
C00784,U0604,spring-edition-invite,discord,2025-07-01T18:03:36,true,true,false,ignored
C00347,U0255,workshop-announcement,email,2025-07-02T18:19:04,true,false,false,ignored
C00481,U0366,track-specific-web3,email,2025-07-03T16:53:35,true,false,false,ignored
C00699,U0539,monsoon-edition-invite,email,2025-07-04T14:20:51,false,false,false,ignored
C00307,U0215,grand-finale-invite,email,2025-07-04T22:29:06,false,false,false,ignored
C00676,U0507,workshop-announcement,email,2025-07-04T22:45:40,false,false,false,ignored
C00073,U0052,grand-finale-invite,whatsapp,2025-07-05T08:00:51,false,false,false,ignored
C00363,U0266,feedback-request,email,2025-07-06T08:34:51,false,false,false,ignored
C00486,U0369,track-specific-genai,email,2025-07-06T16:06:02,false,false,false,ignored
C00627,U0472,community-digest,email,2025-07-07T13:18:48,true,false,false,ignored
C00608,U0463,spring-edition-invite,discord,2025-07-07T22:52:24,false,false,false,ignored
C00049,U0033,workshop-announcement,whatsapp,2025-07-07T23:25:55,false,false,false,ignored
C00642,U0482,track-specific-genai,whatsapp,2025-07-09T14:20:52,false,false,false,ignored
C00532,U0407,community-digest,discord,2025-07-10T10:39:36,false,false,false,ignored
C00489,U0371,track-specific-genai,email,2025-07-11T10:09:53,true,false,false,ignored
C00388,U0300,autumn-edition-invite,email,2025-07-11T19:17:19,true,false,false,bounced
C00663,U0501,winter-edition-invite,whatsapp,2025-07-12T11:12:43,true,true,true,registered
C00482,U0366,alumni-winback,whatsapp,2025-07-12T16:56:40,false,false,false,ignored
C00469,U0361,winter-edition-invite,email,2025-07-14T09:37:50,false,false,false,ignored
C00799,U0614,monsoon-edition-invite,whatsapp,2025-07-15T18:18:47,true,true,true,registered
C00594,U0455,mentor-recruitment,email,2025-07-15T19:41:58,false,false,false,ignored
C00609,U0463,track-specific-genai,email,2025-07-18T19:20:35,false,false,false,ignored
C00428,U0329,monsoon-edition-invite,email,2025-07-19T11:54:08,true,false,false,ignored
C00191,U0134,community-digest,email,2025-07-19T11:55:17,false,false,false,ignored
C00461,U0352,feedback-request,whatsapp,2025-07-20T13:59:00,true,true,false,ignored
C00556,U0417,track-specific-genai,whatsapp,2025-07-21T15:24:09,false,false,false,ignored
C00298,U0210,grand-finale-invite,email,2025-07-22T17:25:36,false,false,false,ignored
C00370,U0271,autumn-edition-invite,email,2025-07-24T12:29:17,true,false,false,ignored
C00060,U0043,community-digest,email,2025-07-24T14:30:57,true,false,false,bounced
C00586,U0445,feedback-request,email,2025-07-25T15:32:43,true,true,false,ignored
C00835,U0639,workshop-announcement,discord,2025-07-28T23:36:42,true,false,false,ignored
C00401,U0309,winter-edition-invite,email,2025-07-29T14:15:01,false,false,false,ignored
C00141,U0106,monsoon-edition-invite,email,2025-07-30T13:49:07,false,false,false,ignored
C00236,U0171,community-digest,email,2025-07-30T14:36:46,true,false,false,ignored
C00680,U0514,monsoon-edition-invite,whatsapp,2025-07-30T18:05:48,true,true,false,ignored
C00470,U0361,autumn-edition-invite,discord,2025-08-01T19:14:52,true,false,false,ignored
C00142,U0106,feedback-request,discord,2025-08-02T08:40:31,true,false,false,ignored
C00104,U0082,mentor-recruitment,whatsapp,2025-08-03T23:29:18,true,false,false,ignored
C00574,U0431,feedback-request,email,2025-08-05T14:07:43,true,false,false,ignored
C00785,U0604,spring-edition-invite,email,2025-08-05T15:52:54,true,false,false,ignored
C00491,U0373,spring-edition-invite,email,2025-08-05T23:08:06,false,false,false,ignored
C00389,U0302,autumn-edition-invite,discord,2025-08-06T23:12:17,true,false,false,ignored
C00471,U0361,winter-edition-invite,email,2025-08-07T09:36:38,true,false,false,ignored
C00789,U0609,winter-edition-invite,whatsapp,2025-08-08T09:03:08,false,false,false,ignored
C00396,U0304,monsoon-edition-invite,email,2025-08-08T17:15:43,true,false,false,ignored
C00303,U0213,workshop-announcement,email,2025-08-09T08:22:32,true,false,false,ignored
C00759,U0585,mentor-recruitment,email,2025-08-09T20:58:50,true,true,false,ignored
C00334,U0245,spring-edition-invite,email,2025-08-10T09:18:45,true,false,false,ignored
C00035,U0027,community-digest,email,2025-08-10T15:11:03,true,false,false,bounced
C00351,U0259,alumni-winback,whatsapp,2025-08-11T17:32:31,true,true,false,bounced
C00179,U0129,track-specific-web3,whatsapp,2025-08-11T19:27:51,true,false,false,ignored
C00809,U0625,winter-edition-invite,email,2025-08-12T08:52:32,true,false,false,ignored
C00180,U0129,autumn-edition-invite,email,2025-08-14T13:10:23,false,false,false,ignored
C00300,U0211,spring-edition-invite,whatsapp,2025-08-14T19:01:28,false,false,false,ignored
C00700,U0539,monsoon-edition-invite,email,2025-08-15T08:59:46,false,false,false,ignored
C00828,U0635,autumn-edition-invite,email,2025-08-15T12:17:46,false,false,false,ignored
C00589,U0450,grand-finale-invite,email,2025-08-16T20:02:15,false,false,false,ignored
C00064,U0044,community-digest,email,2025-08-17T11:18:25,true,false,false,ignored
C00673,U0505,grand-finale-invite,email,2025-08-17T14:51:52,false,false,false,ignored
C00335,U0245,grand-finale-invite,discord,2025-08-17T15:57:07,false,false,false,ignored
C00117,U0089,mentor-recruitment,whatsapp,2025-08-23T12:58:09,false,false,false,ignored
C00677,U0511,winter-edition-invite,email,2025-08-23T15:46:51,false,false,false,ignored
C00318,U0223,track-specific-web3,whatsapp,2025-08-25T23:53:25,false,false,false,ignored
C00145,U0107,alumni-winback,discord,2025-08-26T09:49:50,true,false,false,ignored
C00348,U0258,autumn-edition-invite,email,2025-08-26T16:25:09,true,false,false,ignored
C00126,U0095,spring-edition-invite,discord,2025-08-28T23:44:57,false,false,false,ignored
C00476,U0364,monsoon-edition-invite,email,2025-08-30T17:07:29,false,false,false,ignored
C00185,U0132,track-specific-genai,email,2025-08-31T11:26:59,true,true,true,registered
C00429,U0329,track-specific-web3,email,2025-08-31T13:10:14,true,true,false,ignored
C00584,U0444,autumn-edition-invite,email,2025-08-31T20:04:13,true,true,false,unsubscribed
C00007,U0008,monsoon-edition-invite,email,2025-09-01T09:03:33,false,false,false,ignored
C00600,U0458,spring-edition-invite,email,2025-09-02T08:19:33,false,false,false,ignored
C00446,U0338,autumn-edition-invite,email,2025-09-02T21:35:26,false,false,false,bounced
C00617,U0465,track-specific-web3,email,2025-09-03T18:14:39,false,false,false,ignored
C00818,U0632,grand-finale-invite,email,2025-09-04T12:37:30,false,false,false,ignored
C00421,U0325,feedback-request,email,2025-09-08T15:59:34,false,false,false,ignored
C00022,U0019,grand-finale-invite,discord,2025-09-09T13:36:05,false,false,false,ignored
C00633,U0476,alumni-winback,email,2025-09-10T19:40:14,false,false,false,ignored
C00610,U0463,track-specific-web3,email,2025-09-11T16:05:22,false,false,false,ignored
C00182,U0131,monsoon-edition-invite,email,2025-09-12T11:27:32,false,false,false,bounced
C00639,U0480,community-digest,email,2025-09-12T12:47:45,true,true,false,ignored
C00745,U0572,workshop-announcement,email,2025-09-13T17:11:54,false,false,false,ignored
C00114,U0084,community-digest,email,2025-09-15T09:04:45,false,false,false,ignored
C00447,U0338,mentor-recruitment,email,2025-09-15T09:22:36,true,false,false,ignored
C00399,U0305,alumni-winback,email,2025-09-15T20:33:36,false,false,false,ignored
C00149,U0110,community-digest,email,2025-09-17T14:55:54,true,false,false,ignored
C00590,U0450,track-specific-genai,email,2025-09-17T22:11:06,false,false,false,ignored
C00694,U0525,feedback-request,email,2025-09-19T09:04:10,true,false,false,ignored
C00299,U0210,alumni-winback,discord,2025-09-20T10:57:53,false,false,false,ignored
C00171,U0121,track-specific-genai,discord,2025-09-20T21:53:15,false,false,false,ignored
C00713,U0544,winter-edition-invite,email,2025-09-21T18:27:40,true,true,false,ignored
C00288,U0206,autumn-edition-invite,email,2025-09-21T22:23:00,false,false,false,ignored
C00507,U0391,monsoon-edition-invite,whatsapp,2025-09-22T23:03:31,false,false,false,ignored
C00668,U0502,winter-edition-invite,email,2025-09-23T08:16:26,true,true,false,ignored
C00819,U0632,community-digest,whatsapp,2025-09-24T09:59:59,true,false,false,ignored
C00462,U0352,workshop-announcement,email,2025-09-24T10:18:00,false,false,false,ignored
C00183,U0131,track-specific-web3,email,2025-09-24T14:36:18,false,false,false,ignored
C00535,U0409,spring-edition-invite,email,2025-09-24T18:25:59,true,true,false,ignored
C00580,U0441,workshop-announcement,email,2025-09-25T15:03:22,false,false,false,ignored
C00406,U0314,winter-edition-invite,email,2025-09-26T12:29:00,true,false,false,ignored
C00118,U0089,community-digest,email,2025-09-28T12:09:01,false,false,false,ignored
C00832,U0638,grand-finale-invite,email,2025-09-28T18:55:48,true,true,false,ignored
C00090,U0072,autumn-edition-invite,whatsapp,2025-09-30T10:52:10,false,false,false,ignored
C00565,U0423,workshop-announcement,whatsapp,2025-10-01T22:17:11,false,false,false,ignored
C00038,U0028,alumni-winback,email,2025-10-04T20:18:32,false,false,false,ignored
C00618,U0465,mentor-recruitment,email,2025-10-05T15:56:58,true,true,true,registered
C00343,U0253,grand-finale-invite,email,2025-10-05T18:30:13,false,false,false,unsubscribed
C00513,U0397,alumni-winback,whatsapp,2025-10-05T22:41:31,false,false,false,ignored
C00576,U0436,spring-edition-invite,email,2025-10-06T12:09:17,true,false,false,ignored
C00397,U0304,winter-edition-invite,email,2025-10-07T15:42:51,false,false,false,unsubscribed
C00364,U0266,autumn-edition-invite,whatsapp,2025-10-08T14:10:20,true,true,true,registered
C00150,U0110,autumn-edition-invite,whatsapp,2025-10-09T14:04:00,false,false,false,ignored
C00578,U0437,monsoon-edition-invite,discord,2025-10-10T13:20:38,false,false,false,ignored
C00454,U0347,autumn-edition-invite,whatsapp,2025-10-11T11:55:05,true,false,false,ignored
C00628,U0473,community-digest,email,2025-10-11T13:28:55,false,false,false,ignored
C00563,U0422,mentor-recruitment,email,2025-10-11T18:39:29,false,false,false,ignored
C00629,U0473,spring-edition-invite,email,2025-10-12T17:20:03,true,true,false,ignored
C00738,U0567,grand-finale-invite,whatsapp,2025-10-14T12:56:54,false,false,false,unsubscribed
C00254,U0182,alumni-winback,whatsapp,2025-10-14T12:59:01,false,false,false,ignored
C00770,U0589,track-specific-genai,whatsapp,2025-10-14T16:01:23,false,false,false,ignored
C00691,U0521,grand-finale-invite,whatsapp,2025-10-16T10:49:55,true,false,false,ignored
C00390,U0302,feedback-request,email,2025-10-16T18:28:53,false,false,false,ignored
C00196,U0138,grand-finale-invite,email,2025-10-17T11:12:46,true,true,true,registered
C00290,U0208,track-specific-web3,email,2025-10-17T12:09:28,true,false,false,ignored
C00259,U0185,community-digest,email,2025-10-17T16:40:56,true,false,false,ignored
C00800,U0614,winter-edition-invite,whatsapp,2025-10-18T11:07:30,false,false,false,ignored
C00381,U0295,feedback-request,email,2025-10-19T14:22:27,true,false,false,ignored
C00774,U0591,community-digest,email,2025-10-19T16:43:26,false,false,false,ignored
C00087,U0070,autumn-edition-invite,whatsapp,2025-10-20T12:34:12,false,false,false,ignored
C00681,U0514,track-specific-genai,whatsapp,2025-10-20T13:39:10,false,false,false,ignored
C00536,U0409,grand-finale-invite,whatsapp,2025-10-20T15:21:36,false,false,false,ignored
C00264,U0188,mentor-recruitment,email,2025-10-22T08:23:55,false,false,false,ignored
C00780,U0596,mentor-recruitment,email,2025-10-24T15:41:59,false,false,false,ignored
C00156,U0114,mentor-recruitment,email,2025-10-24T16:12:41,true,false,false,ignored
C00205,U0148,monsoon-edition-invite,email,2025-10-25T09:24:23,false,false,false,ignored
C00039,U0028,spring-edition-invite,discord,2025-10-25T17:38:09,true,false,false,ignored
C00218,U0159,community-digest,email,2025-10-25T19:29:45,false,false,false,ignored
C00088,U0070,grand-finale-invite,email,2025-10-26T12:14:55,false,false,false,ignored
C00308,U0215,feedback-request,email,2025-10-26T19:19:29,false,false,false,ignored
C00186,U0132,mentor-recruitment,email,2025-10-30T15:13:23,false,false,false,ignored
C00493,U0374,track-specific-web3,email,2025-10-31T21:12:03,true,true,false,ignored
C00400,U0305,track-specific-genai,email,2025-11-01T08:57:07,false,false,false,ignored
C00285,U0204,track-specific-web3,email,2025-11-01T12:39:59,false,false,false,ignored
C00006,U0007,alumni-winback,email,2025-11-04T19:22:50,false,false,false,ignored
C00523,U0402,feedback-request,whatsapp,2025-11-04T23:05:15,true,false,false,ignored
C00743,U0569,alumni-winback,email,2025-11-05T08:35:35,false,false,false,ignored
C00683,U0517,winter-edition-invite,email,2025-11-05T09:30:14,false,false,false,ignored
C00606,U0462,autumn-edition-invite,whatsapp,2025-11-05T15:07:43,false,false,false,ignored
C00526,U0403,autumn-edition-invite,email,2025-11-06T10:11:26,false,false,false,ignored
C00325,U0233,mentor-recruitment,email,2025-11-07T11:40:48,false,false,false,ignored
C00595,U0455,spring-edition-invite,discord,2025-11-08T17:59:18,false,false,false,ignored
C00724,U0552,track-specific-genai,email,2025-11-08T23:50:04,false,false,false,unsubscribed
C00036,U0027,winter-edition-invite,email,2025-11-13T23:27:49,false,false,false,ignored
C00029,U0024,mentor-recruitment,discord,2025-11-14T20:04:13,true,true,false,ignored
C00105,U0082,grand-finale-invite,email,2025-11-16T10:13:35,true,true,true,registered
C00682,U0515,spring-edition-invite,whatsapp,2025-11-16T17:33:50,false,false,false,ignored
C00522,U0401,autumn-edition-invite,discord,2025-11-17T23:46:19,true,false,false,ignored
C00386,U0298,feedback-request,email,2025-11-18T10:38:19,true,true,false,ignored
C00256,U0183,track-specific-web3,discord,2025-11-18T19:23:00,true,false,false,ignored
C00647,U0488,mentor-recruitment,email,2025-11-19T22:54:52,true,false,false,ignored
C00313,U0218,track-specific-web3,whatsapp,2025-11-20T16:46:15,true,false,false,ignored
C00089,U0070,feedback-request,email,2025-11-21T16:05:24,false,false,false,ignored
C00540,U0410,feedback-request,email,2025-11-22T13:40:24,true,false,false,ignored
C00273,U0194,winter-edition-invite,email,2025-11-24T09:10:11,false,false,false,ignored
C00516,U0398,community-digest,email,2025-11-24T19:27:49,true,false,false,ignored
C00375,U0281,winter-edition-invite,email,2025-11-27T12:29:26,false,false,false,ignored
C00289,U0206,track-specific-web3,email,2025-11-30T12:14:08,false,false,false,bounced
C00640,U0480,track-specific-genai,email,2025-11-30T18:27:51,true,true,true,registered
C00467,U0360,winter-edition-invite,email,2025-12-01T08:48:56,false,false,false,ignored
C00012,U0010,winter-edition-invite,whatsapp,2025-12-01T15:04:32,true,true,false,ignored
C00352,U0259,grand-finale-invite,whatsapp,2025-12-02T11:15:35,false,false,false,ignored
C00008,U0008,autumn-edition-invite,email,2025-12-02T11:40:57,false,false,false,ignored
C00187,U0132,feedback-request,email,2025-12-02T22:49:45,false,false,false,ignored
C00020,U0017,mentor-recruitment,discord,2025-12-04T15:43:26,true,false,false,ignored
C00372,U0274,community-digest,discord,2025-12-05T10:10:54,false,false,false,unsubscribed
C00021,U0017,monsoon-edition-invite,email,2025-12-05T11:55:59,true,false,false,ignored
C00175,U0122,grand-finale-invite,email,2025-12-06T16:21:39,true,true,true,registered
C00793,U0612,spring-edition-invite,email,2025-12-06T17:07:19,true,false,false,ignored
C00463,U0353,monsoon-edition-invite,email,2025-12-06T17:22:08,true,true,false,ignored
C00239,U0173,feedback-request,email,2025-12-06T17:49:33,false,false,false,ignored
C00033,U0026,track-specific-web3,email,2025-12-08T20:13:46,true,false,false,ignored
C00251,U0181,workshop-announcement,whatsapp,2025-12-09T12:55:02,false,false,false,ignored
C00056,U0037,spring-edition-invite,email,2025-12-10T14:47:00,true,true,false,ignored
C00032,U0025,track-specific-genai,whatsapp,2025-12-11T09:29:27,false,false,false,ignored
C00808,U0624,monsoon-edition-invite,discord,2025-12-15T23:34:39,false,false,false,ignored
C00328,U0235,track-specific-genai,discord,2025-12-16T08:12:54,true,true,true,registered
C00057,U0039,spring-edition-invite,email,2025-12-16T14:18:31,true,true,false,ignored
C00552,U0415,mentor-recruitment,email,2025-12-18T13:59:28,true,true,true,registered
C00413,U0317,mentor-recruitment,discord,2025-12-19T15:17:59,true,false,false,ignored
C00718,U0547,workshop-announcement,whatsapp,2025-12-20T18:39:12,true,false,false,ignored
C00323,U0231,grand-finale-invite,email,2025-12-20T18:48:53,true,false,false,ignored
C00402,U0309,winter-edition-invite,whatsapp,2025-12-21T11:06:42,true,false,false,ignored
C00291,U0208,track-specific-genai,email,2025-12-21T18:32:50,false,false,false,ignored
C00001,U0001,workshop-announcement,email,2025-12-22T19:47:36,false,false,false,ignored
C00342,U0249,autumn-edition-invite,email,2025-12-22T21:16:54,true,true,true,registered
C00614,U0464,grand-finale-invite,email,2025-12-23T08:15:27,false,false,false,ignored
C00330,U0238,autumn-edition-invite,email,2025-12-24T17:18:00,true,false,false,ignored
C00601,U0458,alumni-winback,discord,2025-12-24T21:28:31,true,false,false,ignored
C00546,U0413,community-digest,whatsapp,2025-12-25T11:40:51,false,false,false,bounced
C00164,U0117,feedback-request,email,2025-12-26T18:52:55,false,false,false,ignored
C00416,U0322,winter-edition-invite,discord,2025-12-26T20:18:40,true,true,true,registered
C00219,U0159,feedback-request,whatsapp,2025-12-30T08:54:47,true,false,false,ignored
C00492,U0373,alumni-winback,email,2025-12-31T14:10:45,true,false,false,ignored
C00623,U0469,grand-finale-invite,email,2025-12-31T23:02:42,false,false,false,ignored
C00061,U0043,winter-edition-invite,discord,2026-01-01T14:58:20,false,false,false,ignored
C00243,U0176,track-specific-web3,email,2026-01-01T16:49:20,true,false,false,ignored
C00414,U0317,winter-edition-invite,whatsapp,2026-01-02T23:47:01,false,false,false,ignored
C00165,U0117,track-specific-web3,whatsapp,2026-01-06T12:47:42,false,false,false,ignored
C00764,U0587,grand-finale-invite,email,2026-01-07T14:44:41,true,false,false,ignored
C00753,U0579,winter-edition-invite,email,2026-01-08T18:31:06,true,false,false,ignored
C00340,U0248,winter-edition-invite,email,2026-01-09T19:23:33,false,false,false,ignored
C00422,U0325,grand-finale-invite,discord,2026-01-10T15:01:14,false,false,false,ignored
C00815,U0631,workshop-announcement,email,2026-01-10T18:16:57,false,false,false,ignored
C00274,U0194,mentor-recruitment,whatsapp,2026-01-11T15:49:35,true,false,false,ignored
C00810,U0625,monsoon-edition-invite,discord,2026-01-14T12:32:34,false,false,false,ignored
C00076,U0057,track-specific-web3,email,2026-01-14T14:01:53,true,false,false,ignored
C00458,U0351,monsoon-edition-invite,whatsapp,2026-01-16T18:51:35,false,false,false,ignored
C00034,U0026,grand-finale-invite,whatsapp,2026-01-16T22:42:20,true,false,false,ignored
C00111,U0083,spring-edition-invite,email,2026-01-18T18:20:45,false,false,false,ignored
C00802,U0615,grand-finale-invite,email,2026-01-19T22:56:45,true,false,false,ignored
C00009,U0008,monsoon-edition-invite,email,2026-01-21T11:05:24,false,false,false,ignored
C00193,U0136,feedback-request,email,2026-01-24T08:04:21,true,true,false,ignored
C00094,U0075,community-digest,email,2026-01-24T15:40:33,true,true,false,ignored
C00232,U0165,grand-finale-invite,whatsapp,2026-01-24T18:52:39,false,false,false,ignored
C00283,U0203,community-digest,email,2026-01-25T20:48:50,true,false,false,ignored
C00143,U0106,spring-edition-invite,email,2026-01-26T14:45:20,false,false,false,ignored
C00419,U0324,monsoon-edition-invite,email,2026-01-26T16:28:07,false,false,false,ignored
C00362,U0265,autumn-edition-invite,whatsapp,2026-01-27T23:34:30,true,true,false,ignored
C00786,U0604,monsoon-edition-invite,email,2026-01-28T12:38:59,false,false,false,ignored
C00077,U0057,monsoon-edition-invite,email,2026-01-28T16:14:44,false,false,false,ignored
C00002,U0002,track-specific-web3,discord,2026-01-29T18:25:00,false,false,false,ignored
C00674,U0506,community-digest,email,2026-01-29T21:50:01,true,false,false,ignored
C00223,U0161,alumni-winback,discord,2026-01-30T10:11:25,false,false,false,ignored
C00106,U0082,feedback-request,whatsapp,2026-01-30T18:39:06,false,false,false,ignored
C00261,U0187,grand-finale-invite,email,2026-02-02T15:23:04,false,false,false,ignored
C00634,U0476,track-specific-web3,email,2026-02-03T19:33:03,false,false,false,ignored
C00418,U0323,spring-edition-invite,email,2026-02-03T19:42:36,true,true,false,ignored
C00366,U0268,feedback-request,email,2026-02-04T09:17:18,false,false,false,ignored
C00520,U0400,feedback-request,email,2026-02-04T10:20:34,false,false,false,ignored
C00030,U0024,workshop-announcement,email,2026-02-04T17:53:06,true,true,true,registered
C00135,U0102,track-specific-genai,whatsapp,2026-02-04T21:02:08,false,false,false,ignored
C00803,U0615,monsoon-edition-invite,email,2026-02-04T22:43:34,false,false,false,ignored
C00320,U0227,winter-edition-invite,whatsapp,2026-02-05T12:10:06,false,false,false,ignored
C00224,U0161,feedback-request,whatsapp,2026-02-05T16:52:05,true,false,false,ignored
C00265,U0190,track-specific-genai,whatsapp,2026-02-06T09:30:57,false,false,false,ignored
C00050,U0033,winter-edition-invite,email,2026-02-06T18:13:42,true,false,false,ignored
C00212,U0155,workshop-announcement,email,2026-02-06T21:27:31,true,false,false,ignored
C00130,U0097,feedback-request,email,2026-02-07T19:13:42,false,false,false,ignored
C00749,U0575,winter-edition-invite,whatsapp,2026-02-08T08:04:01,true,false,false,ignored
C00559,U0419,mentor-recruitment,email,2026-02-08T15:18:57,false,false,false,ignored
C00220,U0159,track-specific-web3,email,2026-02-09T12:16:07,true,false,false,ignored
C00062,U0043,autumn-edition-invite,whatsapp,2026-02-11T13:16:19,false,false,false,ignored
C00763,U0586,track-specific-web3,email,2026-02-14T09:18:54,true,false,false,ignored
C00726,U0553,feedback-request,email,2026-02-14T14:03:10,false,false,false,ignored
C00646,U0487,spring-edition-invite,email,2026-02-15T15:33:15,true,true,false,ignored
C00262,U0187,track-specific-genai,email,2026-02-16T09:48:48,false,false,false,ignored
C00779,U0595,winter-edition-invite,email,2026-02-16T15:25:14,false,false,false,ignored
C00775,U0591,grand-finale-invite,email,2026-02-18T21:18:06,true,true,false,ignored
C00190,U0133,monsoon-edition-invite,email,2026-02-19T16:31:40,false,false,false,bounced
C00465,U0356,winter-edition-invite,email,2026-02-21T22:15:31,false,false,false,ignored
C00495,U0377,track-specific-genai,whatsapp,2026-02-23T14:24:25,true,false,false,bounced
C00833,U0638,mentor-recruitment,email,2026-02-24T16:56:33,true,false,false,ignored
C00302,U0212,mentor-recruitment,email,2026-02-24T20:20:55,false,false,false,ignored
C00267,U0191,track-specific-genai,email,2026-02-27T08:32:07,true,true,false,ignored
C00709,U0543,monsoon-edition-invite,whatsapp,2026-02-27T11:15:47,false,false,false,ignored
C00221,U0159,workshop-announcement,whatsapp,2026-02-28T08:15:36,true,true,false,ignored
C00275,U0194,community-digest,email,2026-03-02T17:06:39,true,false,false,ignored
C00075,U0055,monsoon-edition-invite,email,2026-03-02T19:26:39,true,true,false,ignored
C00376,U0282,autumn-edition-invite,email,2026-03-03T09:07:56,false,false,false,ignored
C00502,U0385,workshop-announcement,whatsapp,2026-03-03T10:00:47,false,false,false,ignored
C00237,U0172,track-specific-genai,whatsapp,2026-03-04T15:29:37,false,false,false,ignored
C00728,U0556,mentor-recruitment,email,2026-03-04T19:52:39,true,false,false,ignored
C00781,U0598,feedback-request,whatsapp,2026-03-05T22:29:16,false,false,false,ignored
C00436,U0332,workshop-announcement,email,2026-03-06T13:30:39,false,false,false,ignored
C00790,U0609,mentor-recruitment,whatsapp,2026-03-06T16:13:10,true,false,false,ignored
C00272,U0193,track-specific-genai,email,2026-03-06T16:31:42,true,false,false,ignored
C00801,U0614,mentor-recruitment,email,2026-03-08T11:32:04,false,false,false,ignored
C00517,U0398,autumn-edition-invite,email,2026-03-08T16:08:00,false,false,false,ignored
C00678,U0511,alumni-winback,whatsapp,2026-03-09T09:27:37,false,false,false,ignored
C00152,U0112,community-digest,email,2026-03-12T14:56:08,false,false,false,ignored
C00643,U0482,feedback-request,email,2026-03-12T23:15:42,false,false,false,ignored
C00240,U0173,autumn-edition-invite,whatsapp,2026-03-13T12:57:02,true,false,false,ignored
C00804,U0615,winter-edition-invite,email,2026-03-13T21:26:00,false,false,false,ignored
C00266,U0190,alumni-winback,email,2026-03-16T20:34:03,false,false,false,ignored
C00669,U0502,track-specific-genai,email,2026-03-22T11:29:08,false,false,false,ignored
C00791,U0610,track-specific-genai,email,2026-03-22T13:58:29,true,true,false,ignored
C00071,U0050,monsoon-edition-invite,whatsapp,2026-03-23T08:35:24,false,false,false,ignored
C00074,U0053,winter-edition-invite,discord,2026-03-23T19:39:02,false,false,false,ignored
C00490,U0372,track-specific-genai,email,2026-03-23T20:59:27,false,false,false,ignored
C00707,U0542,grand-finale-invite,email,2026-03-24T08:25:41,true,false,false,ignored
C00588,U0447,grand-finale-invite,email,2026-03-24T20:38:50,false,false,false,ignored
C00450,U0340,alumni-winback,email,2026-03-24T21:08:39,false,false,false,ignored
C00091,U0072,workshop-announcement,email,2026-03-24T22:14:04,true,true,true,registered
C00078,U0060,track-specific-genai,email,2026-03-25T09:06:46,false,false,false,ignored
C00483,U0366,monsoon-edition-invite,whatsapp,2026-03-25T13:40:14,false,false,false,ignored
C00247,U0178,mentor-recruitment,email,2026-03-26T12:00:28,true,false,false,ignored
C00136,U0102,workshop-announcement,email,2026-03-26T16:29:15,false,false,false,ignored
C00031,U0024,community-digest,email,2026-03-26T16:53:08,false,false,false,ignored
C00213,U0155,monsoon-edition-invite,email,2026-03-28T15:31:43,false,false,false,ignored
C00282,U0201,feedback-request,email,2026-03-28T16:58:22,true,false,false,ignored
C00553,U0416,community-digest,email,2026-03-30T08:16:00,false,false,false,ignored
C00226,U0162,workshop-announcement,whatsapp,2026-03-30T15:14:40,false,false,false,ignored
C00567,U0425,winter-edition-invite,whatsapp,2026-04-02T08:30:12,false,false,false,ignored
C00706,U0540,workshop-announcement,email,2026-04-02T23:49:48,false,false,false,ignored
C00423,U0325,spring-edition-invite,email,2026-04-03T16:22:13,false,false,false,ignored
C00459,U0351,alumni-winback,whatsapp,2026-04-06T10:11:42,true,false,false,ignored
C00568,U0425,alumni-winback,whatsapp,2026-04-06T14:55:17,false,false,false,ignored
C00569,U0425,spring-edition-invite,whatsapp,2026-04-08T12:31:14,false,false,false,ignored
C00750,U0575,winter-edition-invite,email,2026-04-10T12:57:21,false,false,false,unsubscribed
C00744,U0571,mentor-recruitment,email,2026-04-11T09:11:22,true,true,false,ignored
C00301,U0211,alumni-winback,email,2026-04-11T20:23:29,true,true,false,ignored
C00472,U0361,track-specific-genai,email,2026-04-15T14:30:01,true,true,true,registered
C00746,U0572,workshop-announcement,discord,2026-04-16T09:35:36,false,false,false,ignored
C00440,U0334,alumni-winback,discord,2026-04-16T14:52:41,false,false,false,ignored
C00451,U0340,mentor-recruitment,email,2026-04-18T19:36:04,true,false,false,ignored
C00166,U0117,workshop-announcement,email,2026-04-18T20:08:09,true,true,false,ignored
C00067,U0046,track-specific-web3,email,2026-04-18T22:18:56,true,false,false,ignored
C00769,U0588,winter-edition-invite,email,2026-04-19T09:30:59,false,false,false,ignored
C00338,U0247,feedback-request,email,2026-04-19T17:44:40,true,false,false,ignored
C00070,U0049,winter-edition-invite,discord,2026-04-20T19:45:12,true,true,true,registered
C00729,U0556,spring-edition-invite,email,2026-04-20T20:35:52,false,false,false,ignored
C00452,U0346,track-specific-genai,email,2026-04-20T23:14:26,true,false,false,ignored
C00385,U0297,feedback-request,whatsapp,2026-04-24T09:26:36,true,true,false,ignored
C00664,U0501,workshop-announcement,email,2026-04-24T17:57:22,false,false,false,ignored
C00697,U0533,alumni-winback,email,2026-04-28T12:34:34,true,true,false,ignored
C00280,U0200,track-specific-genai,email,2026-04-28T15:40:59,false,false,false,unsubscribed
C00170,U0118,feedback-request,email,2026-04-28T20:14:58,false,false,false,ignored
C00671,U0504,feedback-request,email,2026-05-01T20:22:51,false,false,false,ignored
C00225,U0161,track-specific-genai,discord,2026-05-01T20:46:22,false,false,false,ignored
C00430,U0329,feedback-request,email,2026-05-01T23:19:43,false,false,false,ignored
C00710,U0543,workshop-announcement,email,2026-05-03T08:11:04,false,false,false,ignored
C00758,U0584,winter-edition-invite,whatsapp,2026-05-03T13:30:24,true,true,true,registered
C00127,U0095,mentor-recruitment,email,2026-05-03T20:35:48,false,false,false,ignored
C00292,U0208,workshop-announcement,email,2026-05-03T22:06:14,false,false,false,ignored
C00329,U0236,grand-finale-invite,whatsapp,2026-05-05T09:09:35,true,true,false,unsubscribed
C00575,U0431,alumni-winback,email,2026-05-05T13:30:12,false,false,false,ignored
C00497,U0379,workshop-announcement,email,2026-05-05T15:51:50,false,false,false,ignored
C00181,U0130,winter-edition-invite,discord,2026-05-06T09:16:37,false,false,false,ignored
C00112,U0083,track-specific-web3,discord,2026-05-06T13:15:02,false,false,false,bounced
C00172,U0121,monsoon-edition-invite,email,2026-05-07T19:46:47,false,false,false,ignored
C00139,U0105,mentor-recruitment,email,2026-05-07T20:54:54,false,false,false,ignored
C00648,U0489,workshop-announcement,email,2026-05-07T23:32:19,true,false,false,ignored
C00701,U0539,feedback-request,email,2026-05-08T15:47:19,false,false,false,ignored
C00046,U0030,track-specific-genai,whatsapp,2026-05-10T23:27:38,false,false,false,ignored
C00051,U0033,track-specific-web3,whatsapp,2026-05-11T09:03:40,true,true,false,ignored
C00331,U0238,track-specific-web3,email,2026-05-11T17:31:54,false,false,false,ignored
C00792,U0610,track-specific-web3,email,2026-05-11T20:47:22,true,false,false,ignored
C00498,U0379,winter-edition-invite,whatsapp,2026-05-11T22:09:54,false,false,false,ignored
C00095,U0075,mentor-recruitment,email,2026-05-11T22:25:04,true,false,false,ignored
C00405,U0313,winter-edition-invite,email,2026-05-12T18:30:49,true,false,false,unsubscribed
C00055,U0036,mentor-recruitment,email,2026-05-14T10:07:46,false,false,false,ignored
C00441,U0334,community-digest,discord,2026-05-16T10:27:15,false,false,false,ignored
C00548,U0414,workshop-announcement,email,2026-05-18T10:45:24,false,false,false,ignored
C00636,U0479,feedback-request,email,2026-05-19T13:18:23,false,false,false,ignored
C00037,U0027,winter-edition-invite,email,2026-05-20T10:05:01,false,false,false,ignored
C00657,U0498,winter-edition-invite,email,2026-05-23T10:01:44,true,false,false,bounced
C00433,U0330,track-specific-genai,whatsapp,2026-05-23T22:31:02,false,false,false,ignored
C00649,U0489,feedback-request,email,2026-05-24T12:41:35,true,false,false,ignored
C00040,U0028,autumn-edition-invite,email,2026-05-24T20:09:22,false,false,false,ignored
C00101,U0078,workshop-announcement,whatsapp,2026-05-24T21:18:55,true,false,false,ignored
C00354,U0260,mentor-recruitment,email,2026-05-25T22:07:33,true,false,false,ignored
C00807,U0620,workshop-announcement,email,2026-05-30T22:28:36,false,false,false,ignored
C00660,U0500,autumn-edition-invite,email,2026-05-31T08:08:59,true,false,false,ignored
C00607,U0462,autumn-edition-invite,email,2026-06-02T18:24:27,false,false,false,unsubscribed
C00765,U0587,grand-finale-invite,email,2026-06-02T21:19:03,false,false,false,ignored
C00053,U0034,workshop-announcement,whatsapp,2026-06-03T13:09:59,false,false,false,ignored
C00541,U0410,monsoon-edition-invite,whatsapp,2026-06-03T20:44:36,true,true,false,ignored
C00562,U0420,feedback-request,email,2026-06-05T13:36:14,false,false,false,ignored
C00252,U0181,monsoon-edition-invite,email,2026-06-08T18:42:45,true,true,false,ignored
C00665,U0501,track-specific-genai,email,2026-06-09T09:53:28,true,false,false,ignored
C00332,U0240,spring-edition-invite,discord,2026-06-09T10:29:14,true,false,false,ignored
C00689,U0519,community-digest,email,2026-06-09T16:25:35,false,false,false,bounced
C00794,U0612,track-specific-genai,email,2026-06-10T21:17:41,true,false,false,ignored
C00442,U0337,monsoon-edition-invite,email,2026-06-11T11:37:45,false,false,false,ignored
C00176,U0122,workshop-announcement,discord,2026-06-11T13:45:05,false,false,false,ignored
C00625,U0470,feedback-request,whatsapp,2026-06-12T08:30:16,true,true,true,registered
C00411,U0316,autumn-edition-invite,email,2026-06-12T18:20:55,false,false,false,ignored
C00702,U0539,track-specific-web3,email,2026-06-13T15:58:39,false,false,false,ignored
C00304,U0213,grand-finale-invite,discord,2026-06-13T18:21:38,false,false,false,ignored
C00587,U0445,community-digest,email,2026-06-13T21:51:29,false,false,false,ignored
C00435,U0331,community-digest,whatsapp,2026-06-14T14:03:53,false,false,false,ignored
C00197,U0138,spring-edition-invite,whatsapp,2026-06-14T21:09:06,true,false,false,ignored
C00408,U0315,monsoon-edition-invite,email,2026-06-14T23:17:20,false,false,false,ignored
C00773,U0590,workshop-announcement,email,2026-06-15T16:05:51,true,true,false,ignored
C00570,U0429,mentor-recruitment,whatsapp,2026-06-15T16:51:16,false,false,false,ignored
C00650,U0489,track-specific-web3,email,2026-06-16T13:29:20,false,false,false,ignored
C00460,U0351,monsoon-edition-invite,whatsapp,2026-06-16T15:00:13,true,false,false,ignored
C00102,U0080,track-specific-web3,email,2026-06-16T19:24:22,false,false,false,ignored
C00227,U0163,track-specific-web3,whatsapp,2026-06-17T09:27:13,true,false,false,ignored
C00153,U0113,monsoon-edition-invite,email,2026-06-17T11:46:16,false,false,false,ignored
C00542,U0410,track-specific-web3,email,2026-06-18T14:19:53,true,true,false,bounced
C00487,U0369,alumni-winback,whatsapp,2026-06-18T20:04:25,false,false,false,ignored
C00545,U0412,track-specific-web3,email,2026-06-20T13:16:20,true,false,false,ignored
C00537,U0409,winter-edition-invite,whatsapp,2026-06-20T13:50:43,true,false,false,ignored
C00018,U0014,winter-edition-invite,email,2026-06-20T22:47:03,false,false,false,ignored
C00437,U0332,autumn-edition-invite,email,2026-06-21T16:19:22,false,false,false,ignored
C00228,U0163,mentor-recruitment,email,2026-06-21T20:09:20,false,false,false,ignored
C00198,U0142,track-specific-web3,whatsapp,2026-06-23T10:49:06,false,false,false,ignored
C00624,U0469,track-specific-genai,email,2026-06-23T15:38:04,false,false,false,ignored
C00820,U0632,alumni-winback,email,2026-06-24T20:31:52,false,false,false,ignored
C00052,U0033,winter-edition-invite,whatsapp,2026-06-25T11:40:45,true,false,false,ignored
C00417,U0322,track-specific-web3,email,2026-06-26T13:27:04,true,false,false,ignored
C00248,U0179,monsoon-edition-invite,email,2026-06-27T18:06:05,false,false,false,ignored
C00719,U0548,monsoon-edition-invite,email,2026-06-27T20:37:35,true,false,false,ignored
C00216,U0157,track-specific-genai,email,2026-06-29T09:13:43,false,false,false,ignored
C00378,U0285,mentor-recruitment,email,2026-07-03T09:18:26,true,true,false,ignored
C00723,U0550,grand-finale-invite,email,2026-07-04T14:50:01,true,false,false,ignored
C00670,U0502,workshop-announcement,email,2026-07-05T16:00:08,false,false,false,bounced
C00206,U0149,workshop-announcement,discord,2026-07-09T23:30:38,false,false,false,ignored
C00222,U0160,mentor-recruitment,email,2026-07-10T13:56:57,true,false,false,ignored
C00371,U0271,spring-edition-invite,email,2026-07-10T13:59:20,true,true,false,ignored
C00666,U0501,community-digest,whatsapp,2026-07-11T16:21:06,false,false,false,ignored
C00816,U0631,track-specific-web3,email,2026-07-12T12:21:31,false,false,false,ignored
C00194,U0136,winter-edition-invite,discord,2026-07-15T22:13:08,false,false,false,ignored
C00160,U0116,alumni-winback,email,2026-07-15T22:13:25,false,false,false,ignored
C00355,U0260,spring-edition-invite,whatsapp,2026-07-16T15:25:00,false,false,false,ignored
C00695,U0528,track-specific-genai,whatsapp,2026-07-16T20:35:31,true,false,false,ignored
C00003,U0003,feedback-request,email,2026-07-17T11:51:55,false,false,false,ignored
C00730,U0557,mentor-recruitment,email,2026-07-17T15:41:56,false,false,false,ignored
C00016,U0013,spring-edition-invite,email,2026-07-18T16:24:45,true,false,false,ignored
C00782,U0601,community-digest,email,2026-07-20T08:18:21,false,false,false,ignored
C00716,U0545,workshop-announcement,discord,2026-07-22T21:57:06,false,false,false,ignored
C00229,U0163,track-specific-genai,email,2026-07-23T10:00:37,false,false,false,ignored
C00514,U0397,monsoon-edition-invite,email,2026-07-23T11:43:01,true,false,false,ignored
C00415,U0318,mentor-recruitment,discord,2026-07-24T20:59:47,true,true,true,registered
C00047,U0032,track-specific-genai,email,2026-07-25T20:32:11,true,false,false,ignored
C00813,U0629,winter-edition-invite,discord,2026-07-26T15:57:13,false,false,false,ignored
C00015,U0012,alumni-winback,email,2026-07-27T23:07:26,false,false,false,ignored
C00041,U0028,monsoon-edition-invite,email,2026-07-28T09:21:16,true,true,true,registered
C00293,U0208,workshop-announcement,discord,2026-07-28T11:25:10,false,false,false,unsubscribed
C00081,U0062,monsoon-edition-invite,whatsapp,2026-07-28T23:43:40,true,true,false,ignored
