participation_id,user_id,hackathon_id,team_id,team_role,registered_at,status
PA00001,U0010,H001,T0013,Frontend,2024-01-10,attended
PA00002,U0039,H001,T0015,Backend,2023-12-15,attended
PA00003,U0051,H001,T0012,Frontend,2023-12-20,attended
PA00004,U0062,H001,T0013,Design,2023-12-29,attended
PA00005,U0073,H001,,,2023-12-27,no_show
PA00006,U0091,H001,T0004,Design,2024-01-08,attended
PA00007,U0095,H001,T0008,Design,2023-12-08,attended
PA00008,U0116,H001,T0012,DevOps,2023-12-28,attended
PA00009,U0128,H001,T0003,DevOps,2023-12-21,attended
PA00010,U0136,H001,T0004,Backend,2023-12-18,attended
PA00011,U0137,H001,,,2024-01-10,no_show
PA00012,U0157,H001,T0001,Design,2023-12-17,attended
PA00013,U0159,H001,T0010,Backend,2023-12-12,attended
PA00014,U0200,H001,,,2024-01-10,no_show
PA00015,U0216,H001,T0007,Mobile,2023-12-29,attended
PA00016,U0227,H001,T0006,Backend,2023-12-15,attended
PA00017,U0254,H001,T0007,DevOps,2023-12-11,attended
PA00018,U0259,H001,T0012,Product,2023-12-26,attended
PA00019,U0262,H001,T0009,Data,2023-12-17,attended
PA00020,U0303,H001,T0013,Backend,2023-12-31,attended
PA00021,U0347,H001,T0004,Frontend,2023-12-29,attended
PA00022,U0355,H001,T0001,Frontend,2024-01-10,attended
PA00023,U0359,H001,T0008,Frontend,2023-12-14,attended
PA00024,U0365,H001,T0015,Backend,2024-01-07,attended
PA00025,U0373,H001,T0007,Lead,2023-12-16,attended
PA00026,U0400,H001,T0003,Mobile,2024-01-06,attended
PA00027,U0401,H001,T0009,DevOps,2023-12-25,attended
PA00028,U0411,H001,T0002,Frontend,2023-12-05,attended
PA00029,U0420,H001,,,2024-01-04,no_show
PA00030,U0442,H001,T0009,Member,2023-12-18,attended
PA00031,U0443,H001,T0001,Backend,2023-12-31,attended
PA00032,U0456,H001,T0010,Frontend,2023-12-04,attended
PA00033,U0458,H001,T0003,Member,2023-12-30,attended
PA00034,U0463,H001,T0008,Mobile,2023-12-21,attended
PA00035,U0480,H001,T0006,Mobile,2023-12-17,attended
PA00036,U0507,H001,T0003,Frontend,2023-12-22,attended
PA00037,U0536,H001,T0011,Data,2023-12-12,attended
PA00038,U0539,H001,T0005,Mobile,2023-12-22,attended
PA00039,U0543,H001,T0002,Member,2023-12-18,attended
PA00040,U0554,H001,T0012,Backend,2024-01-06,attended
PA00041,U0565,H001,,,2023-12-24,no_show
PA00042,U0566,H001,T0015,Product,2023-12-18,attended
PA00043,U0584,H001,T0008,Member,2023-12-14,attended
PA00044,U0590,H001,,,2023-12-31,no_show
PA00045,U0594,H001,T0007,Data,2024-01-05,attended
PA00046,U0604,H001,T0010,Mobile,2023-12-21,attended
PA00047,U0626,H001,T0014,Data,2023-12-20,attended
PA00048,U0634,H001,T0013,Backend,2023-12-08,attended
PA00049,U0018,H002,T0023,Frontend,2024-02-02,attended
PA00050,U0029,H002,T0021,Backend,2024-02-18,attended
PA00051,U0054,H002,T0016,ML/AI,2024-01-23,attended
PA00052,U0069,H002,T0025,Member,2024-01-17,attended
PA00053,U0075,H002,T0030,Frontend,2024-02-19,attended
PA00054,U0076,H002,T0017,Backend,2024-02-16,attended
PA00055,U0102,H002,T0019,Member,2024-02-02,attended
PA00056,U0103,H002,T0029,Frontend,2024-01-16,attended
PA00057,U0118,H002,T0025,Lead,2024-02-13,attended
PA00058,U0136,H002,T0016,Backend,2024-01-24,attended
PA00059,U0146,H002,T0024,Mobile,2024-02-14,attended
PA00060,U0159,H002,T0019,Backend,2024-02-11,attended
PA00061,U0164,H002,T0021,Frontend,2024-01-20,attended
PA00062,U0180,H002,T0018,Design,2024-02-08,attended
PA00063,U0195,H002,T0026,Member,2024-01-13,attended
PA00064,U0201,H002,T0020,Frontend,2024-02-11,attended
PA00065,U0204,H002,T0030,Data,2024-01-31,attended
PA00066,U0205,H002,T0027,Design,2024-02-07,attended
PA00067,U0220,H002,,,2024-01-29,no_show
PA00068,U0243,H002,T0025,Backend,2024-01-29,attended
PA00069,U0253,H002,T0031,Member,2024-01-16,attended
PA00070,U0263,H002,,,2024-01-23,no_show
PA00071,U0267,H002,T0029,Design,2024-01-18,attended
PA00072,U0323,H002,T0031,Mobile,2024-02-12,attended
PA00073,U0327,H002,,,2024-01-23,no_show
PA00074,U0335,H002,T0018,Backend,2024-02-18,attended
PA00075,U0339,H002,T0020,Mobile,2024-01-30,attended
PA00076,U0351,H002,,,2024-01-18,no_show
PA00077,U0353,H002,T0019,Backend,2024-02-01,attended
PA00078,U0355,H002,T0024,Frontend,2024-01-16,attended
PA00079,U0382,H002,T0028,Lead,2024-02-01,attended
PA00080,U0401,H002,T0022,Lead,2024-01-20,attended
PA00081,U0404,H002,T0016,Frontend,2024-01-23,attended
PA00082,U0405,H002,T0026,Frontend,2024-01-29,attended
PA00083,U0406,H002,,,2024-02-13,no_show
PA00084,U0410,H002,T0028,Data,2024-02-05,attended
PA00085,U0420,H002,T0023,Backend,2024-01-23,attended
PA00086,U0428,H002,T0024,Backend,2024-02-12,attended
PA00087,U0461,H002,T0017,Member,2024-01-25,attended
PA00088,U0471,H002,T0030,DevOps,2024-02-19,attended
PA00089,U0490,H002,T0023,Mobile,2024-01-23,attended
PA00090,U0494,H002,T0029,Frontend,2024-01-26,attended
PA00091,U0500,H002,T0018,Mobile,2024-01-30,attended
PA00092,U0501,H002,T0027,Backend,2024-02-12,attended
PA00093,U0502,H002,,,2024-02-12,no_show
PA00094,U0523,H002,T0028,Design,2024-01-27,attended
PA00095,U0544,H002,T0026,Design,2024-02-08,attended
PA00096,U0549,H002,T0020,Design,2024-02-02,attended
PA00097,U0555,H002,T0027,Member,2024-02-09,attended
PA00098,U0565,H002,T0017,Member,2024-01-15,attended
PA00099,U0001,H003,T0032,ML/AI,2024-03-04,attended
PA00100,U0007,H003,T0032,ML/AI,2024-03-07,attended
PA00101,U0010,H003,T0037,ML/AI,2024-03-27,attended
PA00102,U0022,H003,T0040,Mobile,2024-03-28,attended
PA00103,U0024,H003,,,2024-03-03,no_show
PA00104,U0028,H003,T0039,Product,2024-03-14,attended
PA00105,U0114,H003,T0042,ML/AI,2024-03-27,attended
PA00106,U0117,H003,,,2024-03-16,no_show
PA00107,U0120,H003,T0034,Design,2024-03-25,attended
PA00108,U0134,H003,T0033,Product,2024-03-21,attended
PA00109,U0165,H003,T0039,Data,2024-03-18,attended
PA00110,U0175,H003,T0042,ML/AI,2024-03-18,attended
PA00111,U0177,H003,T0042,Backend,2024-03-17,attended
PA00112,U0180,H003,T0036,Design,2024-03-22,attended
PA00113,U0183,H003,T0033,Data,2024-03-21,attended
PA00114,U0206,H003,,,2024-03-04,no_show
PA00115,U0235,H003,T0041,Data,2024-03-11,attended
PA00116,U0278,H003,T0035,DevOps,2024-04-02,attended
PA00117,U0313,H003,T0040,Data,2024-04-02,attended
PA00118,U0334,H003,T0036,Backend,2024-03-16,attended
PA00119,U0338,H003,T0038,Member,2024-03-25,attended
PA00120,U0365,H003,T0034,Data,2024-03-07,attended
PA00121,U0405,H003,T0038,Frontend,2024-03-15,attended
PA00122,U0411,H003,T0035,Frontend,2024-02-27,attended
PA00123,U0417,H003,T0034,Lead,2024-03-16,attended
PA00124,U0443,H003,T0035,Backend,2024-02-29,attended
PA00125,U0450,H003,T0037,Product,2024-03-08,attended
PA00126,U0507,H003,T0039,Design,2024-04-02,attended
PA00127,U0515,H003,,,2024-03-30,no_show
PA00128,U0519,H003,T0036,Data,2024-03-23,attended
PA00129,U0543,H003,,,2024-03-11,no_show
PA00130,U0556,H003,T0033,DevOps,2024-03-23,attended
PA00131,U0565,H003,T0041,Member,2024-03-26,attended
PA00132,U0577,H003,T0037,DevOps,2024-03-19,attended
PA00133,U0588,H003,T0041,Lead,2024-03-24,attended
PA00134,U0596,H003,T0032,Frontend,2024-02-27,attended
PA00135,U0604,H003,T0040,Mobile,2024-03-26,attended
PA00136,U0005,H004,T0045,Data,2024-04-27,attended
PA00137,U0011,H004,,,2024-05-14,no_show
PA00138,U0018,H004,,,2024-04-16,no_show
PA00139,U0046,H004,T0050,Frontend,2024-04-11,attended
PA00140,U0059,H004,T0045,Mobile,2024-05-06,attended
PA00141,U0062,H004,T0054,Design,2024-04-15,attended
PA00142,U0069,H004,,,2024-04-12,no_show
PA00143,U0078,H004,T0049,Member,2024-05-11,attended
PA00144,U0084,H004,,,2024-05-02,no_show
PA00145,U0089,H004,T0045,Design,2024-05-05,attended
PA00146,U0096,H004,T0057,Backend,2024-05-03,attended
PA00147,U0104,H004,T0047,Frontend,2024-05-03,attended
PA00148,U0139,H004,T0051,Mobile,2024-05-14,attended
PA00149,U0153,H004,T0055,Data,2024-04-11,attended
PA00150,U0171,H004,T0047,Member,2024-05-10,attended
PA00151,U0175,H004,T0051,ML/AI,2024-04-30,attended
PA00152,U0177,H004,T0048,Backend,2024-04-11,attended
PA00153,U0180,H004,T0046,Design,2024-04-10,attended
PA00154,U0188,H004,T0043,Product,2024-04-23,attended
PA00155,U0208,H004,,,2024-05-05,no_show
PA00156,U0238,H004,,,2024-05-02,no_show
PA00157,U0272,H004,T0056,Frontend,2024-04-20,attended
PA00158,U0336,H004,T0055,Mobile,2024-04-22,attended
PA00159,U0363,H004,T0053,Product,2024-05-12,attended
PA00160,U0366,H004,,,2024-04-28,no_show
PA00161,U0368,H004,T0053,ML/AI,2024-04-25,attended
PA00162,U0369,H004,,,2024-05-15,no_show
PA00163,U0382,H004,T0046,Backend,2024-04-16,attended
PA00164,U0386,H004,T0054,DevOps,2024-05-04,attended
PA00165,U0410,H004,T0046,Data,2024-04-12,attended
PA00166,U0414,H004,T0055,ML/AI,2024-05-08,attended
PA00167,U0416,H004,T0048,Lead,2024-04-27,attended
PA00168,U0417,H004,T0053,Mobile,2024-05-04,attended
PA00169,U0420,H004,T0050,Backend,2024-05-03,attended
PA00170,U0422,H004,T0049,ML/AI,2024-04-15,attended
PA00171,U0450,H004,T0044,Backend,2024-04-27,attended
PA00172,U0475,H004,T0043,Backend,2024-04-13,attended
PA00173,U0504,H004,T0049,Product,2024-05-04,attended
PA00174,U0515,H004,T0044,Backend,2024-04-12,attended
PA00175,U0543,H004,T0054,Member,2024-04-28,attended
PA00176,U0555,H004,T0057,Member,2024-05-16,attended
PA00177,U0565,H004,T0056,Member,2024-05-13,attended
PA00178,U0574,H004,T0048,ML/AI,2024-04-12,attended
PA00179,U0582,H004,,,2024-04-11,no_show
PA00180,U0609,H004,T0044,Product,2024-04-30,attended
PA00181,U0625,H004,T0052,Backend,2024-05-05,attended
PA00182,U0637,H004,T0047,Data,2024-04-19,attended
PA00183,U0007,H005,T0071,ML/AI,2024-05-28,attended
PA00184,U0010,H005,T0068,Frontend,2024-06-07,attended
PA00185,U0029,H005,T0073,Backend,2024-06-11,attended
PA00186,U0066,H005,T0067,Frontend,2024-06-22,attended
PA00187,U0070,H005,T0062,Lead,2024-06-17,attended
PA00188,U0073,H005,T0061,Design,2024-06-19,attended
PA00189,U0075,H005,T0065,Lead,2024-05-20,attended
PA00190,U0108,H005,T0058,Design,2024-05-26,attended
PA00191,U0109,H005,T0066,Backend,2024-05-23,attended
PA00192,U0112,H005,T0064,ML/AI,2024-05-26,attended
PA00193,U0117,H005,T0063,Frontend,2024-05-27,attended
PA00194,U0139,H005,T0066,Mobile,2024-06-14,attended
PA00195,U0146,H005,T0069,Mobile,2024-06-05,attended
PA00196,U0169,H005,T0058,Lead,2024-06-15,attended
PA00197,U0193,H005,T0064,Backend,2024-05-21,attended
PA00198,U0198,H005,T0068,Data,2024-06-08,attended
PA00199,U0205,H005,T0073,Lead,2024-06-13,attended
PA00200,U0206,H005,T0067,Mobile,2024-06-07,attended
PA00201,U0209,H005,T0060,Frontend,2024-06-01,attended
PA00202,U0220,H005,T0058,Product,2024-05-28,attended
PA00203,U0242,H005,T0070,Data,2024-06-19,attended
PA00204,U0247,H005,T0072,DevOps,2024-05-30,attended
PA00205,U0280,H005,T0062,Member,2024-06-09,attended
PA00206,U0290,H005,T0063,Backend,2024-06-01,attended
PA00207,U0295,H005,T0063,Mobile,2024-06-03,attended
PA00208,U0349,H005,T0066,Frontend,2024-05-24,attended
PA00209,U0369,H005,T0068,Backend,2024-06-15,attended
PA00210,U0382,H005,T0061,Backend,2024-05-17,attended
PA00211,U0392,H005,T0070,Product,2024-06-09,attended
PA00212,U0403,H005,T0071,ML/AI,2024-06-02,attended
PA00213,U0420,H005,T0067,Product,2024-06-21,attended
PA00214,U0431,H005,T0072,ML/AI,2024-05-27,attended
PA00215,U0434,H005,T0062,Data,2024-06-19,attended
PA00216,U0441,H005,T0069,Member,2024-06-18,attended
PA00217,U0455,H005,T0060,Product,2024-06-15,attended
PA00218,U0462,H005,T0074,Backend,2024-06-03,attended
PA00219,U0463,H005,T0070,Lead,2024-05-21,attended
PA00220,U0468,H005,T0064,Design,2024-05-27,attended
PA00221,U0476,H005,T0066,Frontend,2024-05-26,attended
PA00222,U0498,H005,T0064,Member,2024-06-21,attended
PA00223,U0504,H005,T0071,Mobile,2024-06-19,attended
PA00224,U0545,H005,T0065,DevOps,2024-06-06,attended
PA00225,U0554,H005,T0058,Backend,2024-06-15,attended
PA00226,U0555,H005,,,2024-05-27,no_show
PA00227,U0631,H005,T0059,Design,2024-06-07,attended
PA00228,U0632,H005,T0075,Data,2024-05-27,attended
PA00229,U0633,H005,T0074,Member,2024-06-04,attended
PA00230,U0636,H005,T0065,Lead,2024-05-21,attended
PA00231,U0001,H006,T0090,Data,2024-07-16,attended
PA00232,U0012,H006,T0083,Backend,2024-07-26,attended
PA00233,U0033,H006,T0088,Lead,2024-08-02,attended
PA00234,U0046,H006,T0084,Frontend,2024-07-23,attended
PA00235,U0078,H006,T0089,Member,2024-07-29,attended
PA00236,U0082,H006,T0077,Design,2024-06-28,attended
PA00237,U0097,H006,T0088,ML/AI,2024-08-01,attended
PA00238,U0109,H006,T0079,Backend,2024-07-16,attended
PA00239,U0128,H006,T0081,DevOps,2024-07-16,attended
PA00240,U0150,H006,,,2024-07-02,no_show
PA00241,U0154,H006,T0088,Design,2024-07-25,attended
PA00242,U0165,H006,T0082,Data,2024-07-17,attended
PA00243,U0175,H006,T0089,Backend,2024-07-21,attended
PA00244,U0195,H006,T0082,Backend,2024-07-13,attended
PA00245,U0199,H006,T0085,Member,2024-07-31,attended
PA00246,U0215,H006,T0076,Backend,2024-07-31,attended
PA00247,U0216,H006,T0091,Mobile,2024-08-03,attended
PA00248,U0227,H006,T0085,Backend,2024-07-14,attended
PA00249,U0230,H006,T0080,ML/AI,2024-07-01,attended
PA00250,U0244,H006,T0083,Member,2024-07-04,attended
PA00251,U0270,H006,T0081,Mobile,2024-06-29,attended
PA00252,U0272,H006,T0078,Frontend,2024-07-02,attended
PA00253,U0306,H006,T0078,Backend,2024-07-14,attended
PA00254,U0371,H006,T0085,ML/AI,2024-06-28,attended
PA00255,U0378,H006,T0080,Backend,2024-07-25,attended
PA00256,U0385,H006,T0079,ML/AI,2024-07-27,attended
PA00257,U0431,H006,T0081,ML/AI,2024-07-02,attended
PA00258,U0435,H006,T0080,Design,2024-08-01,attended
PA00259,U0437,H006,T0076,Backend,2024-07-29,attended
PA00260,U0453,H006,T0087,Backend,2024-07-10,attended
PA00261,U0460,H006,T0082,Design,2024-07-05,attended
PA00262,U0468,H006,T0086,Design,2024-07-18,attended
PA00263,U0487,H006,T0077,Product,2024-07-26,attended
PA00264,U0494,H006,T0086,Frontend,2024-06-29,attended
PA00265,U0495,H006,T0076,Product,2024-07-17,attended
PA00266,U0505,H006,T0090,Lead,2024-07-08,attended
PA00267,U0510,H006,T0089,Frontend,2024-07-20,attended
PA00268,U0511,H006,,,2024-07-04,no_show
PA00269,U0543,H006,T0086,Member,2024-06-28,attended
PA00270,U0566,H006,,,2024-06-28,no_show
PA00271,U0584,H006,T0084,Member,2024-07-09,attended
PA00272,U0625,H006,T0078,Backend,2024-07-18,attended
PA00273,U0626,H006,T0083,Backend,2024-07-25,attended
PA00274,U0003,H007,T0100,Lead,2024-08-23,attended
PA00275,U0008,H007,T0100,Backend,2024-08-21,attended
PA00276,U0010,H007,T0095,Frontend,2024-09-03,attended
PA00277,U0023,H007,T0107,Design,2024-09-05,attended
PA00278,U0025,H007,T0098,ML/AI,2024-09-03,attended
PA00279,U0027,H007,T0107,Backend,2024-08-06,attended
PA00280,U0045,H007,T0094,Lead,2024-09-10,attended
PA00281,U0054,H007,T0105,ML/AI,2024-08-06,attended
PA00282,U0069,H007,T0106,Member,2024-09-07,attended
PA00283,U0077,H007,T0103,Product,2024-09-07,attended
PA00284,U0085,H007,T0099,Backend,2024-09-02,attended
PA00285,U0090,H007,T0098,Data,2024-08-12,attended
PA00286,U0092,H007,,,2024-08-29,no_show
PA00287,U0095,H007,T0099,Design,2024-08-29,attended
PA00288,U0111,H007,T0094,Data,2024-08-30,attended
PA00289,U0112,H007,T0097,ML/AI,2024-09-10,attended
PA00290,U0119,H007,T0102,Product,2024-09-11,attended
PA00291,U0139,H007,T0104,Mobile,2024-08-06,attended
PA00292,U0144,H007,T0097,Design,2024-08-31,attended
PA00293,U0148,H007,T0092,Mobile,2024-09-05,attended
PA00294,U0159,H007,T0106,Product,2024-08-30,attended
PA00295,U0175,H007,,,2024-08-24,no_show
PA00296,U0176,H007,T0095,Backend,2024-08-05,attended
PA00297,U0179,H007,,,2024-09-03,no_show
PA00298,U0188,H007,T0104,Product,2024-08-15,attended
PA00299,U0222,H007,T0101,DevOps,2024-09-02,attended
PA00300,U0231,H007,T0099,Member,2024-09-05,attended
PA00301,U0235,H007,T0108,Data,2024-08-22,attended
PA00302,U0237,H007,T0104,Lead,2024-08-11,attended
PA00303,U0250,H007,T0108,Backend,2024-08-15,attended
PA00304,U0259,H007,T0094,Product,2024-08-13,attended
PA00305,U0265,H007,T0096,Member,2024-08-17,attended
PA00306,U0299,H007,T0103,Lead,2024-08-22,attended
PA00307,U0303,H007,T0102,Backend,2024-08-13,attended
PA00308,U0315,H007,T0093,Product,2024-09-01,attended
PA00309,U0317,H007,T0096,Frontend,2024-09-05,attended
PA00310,U0331,H007,T0105,Lead,2024-09-07,attended
PA00311,U0361,H007,T0100,Backend,2024-08-31,attended
PA00312,U0373,H007,,,2024-08-07,no_show
PA00313,U0382,H007,T0098,Backend,2024-08-29,attended
PA00314,U0385,H007,T0108,Mobile,2024-08-24,attended
PA00315,U0400,H007,,,2024-08-29,no_show
PA00316,U0407,H007,T0093,Backend,2024-08-19,attended
PA00317,U0408,H007,T0107,Lead,2024-08-13,attended
PA00318,U0409,H007,T0104,Design,2024-08-26,attended
PA00319,U0440,H007,T0095,DevOps,2024-08-13,attended
PA00320,U0441,H007,T0100,Mobile,2024-08-22,attended
PA00321,U0443,H007,T0097,Backend,2024-08-25,attended
PA00322,U0465,H007,T0105,Backend,2024-08-30,attended
PA00323,U0479,H007,T0092,Data,2024-08-10,attended
PA00324,U0495,H007,T0105,Product,2024-08-18,attended
PA00325,U0531,H007,,,2024-08-10,no_show
PA00326,U0582,H007,T0096,Design,2024-08-29,attended
PA00327,U0629,H007,T0097,Frontend,2024-08-16,attended
PA00328,U0640,H007,T0092,Member,2024-08-14,attended
PA00329,U0011,H008,,,2024-10-15,no_show
PA00330,U0016,H008,T0114,Mobile,2024-10-17,attended
PA00331,U0038,H008,T0121,DevOps,2024-10-08,attended
PA00332,U0043,H008,T0109,ML/AI,2024-10-06,attended
PA00333,U0044,H008,T0116,Frontend,2024-09-25,attended
PA00334,U0059,H008,T0110,Product,2024-10-21,attended
PA00335,U0095,H008,T0119,Design,2024-09-22,attended
PA00336,U0111,H008,,,2024-10-15,no_show
PA00337,U0122,H008,T0115,ML/AI,2024-10-21,attended
PA00338,U0140,H008,T0115,Member,2024-10-13,attended
PA00339,U0146,H008,T0111,Mobile,2024-09-17,attended
PA00340,U0148,H008,T0119,Frontend,2024-10-12,attended
PA00341,U0153,H008,T0121,ML/AI,2024-09-22,attended
PA00342,U0157,H008,T0110,Lead,2024-09-21,attended
PA00343,U0164,H008,T0115,Frontend,2024-09-15,attended
PA00344,U0174,H008,T0114,Backend,2024-09-21,attended
PA00345,U0195,H008,T0116,Member,2024-10-13,attended
PA00346,U0200,H008,T0109,DevOps,2024-09-29,attended
PA00347,U0201,H008,T0117,Frontend,2024-10-14,attended
PA00348,U0206,H008,T0113,Mobile,2024-10-15,attended
PA00349,U0218,H008,T0120,Lead,2024-10-17,attended
PA00350,U0259,H008,,,2024-09-25,no_show
PA00351,U0283,H008,T0112,Design,2024-09-30,attended
PA00352,U0297,H008,T0116,Lead,2024-10-12,attended
PA00353,U0303,H008,T0111,Design,2024-09-15,attended
PA00354,U0351,H008,,,2024-10-19,no_show
PA00355,U0389,H008,T0119,ML/AI,2024-10-10,attended
PA00356,U0419,H008,T0112,Frontend,2024-10-10,attended
PA00357,U0420,H008,T0113,Backend,2024-10-05,attended
PA00358,U0431,H008,T0110,Backend,2024-09-23,attended
PA00359,U0436,H008,T0120,Member,2024-10-06,attended
PA00360,U0437,H008,T0117,Backend,2024-09-20,attended
PA00361,U0441,H008,T0111,Frontend,2024-09-27,attended
PA00362,U0442,H008,T0112,Member,2024-10-06,attended
PA00363,U0444,H008,T0113,Frontend,2024-10-17,attended
PA00364,U0456,H008,T0114,Frontend,2024-09-22,attended
PA00365,U0458,H008,T0119,ML/AI,2024-10-04,attended
PA00366,U0464,H008,T0118,Mobile,2024-09-16,attended
PA00367,U0492,H008,T0120,Product,2024-10-01,attended
PA00368,U0518,H008,T0116,Member,2024-10-07,attended
PA00369,U0536,H008,T0117,Data,2024-10-14,attended
PA00370,U0565,H008,T0118,Member,2024-10-08,attended
PA00371,U0566,H008,T0121,Product,2024-09-24,attended
PA00372,U0569,H008,T0113,Lead,2024-09-28,attended
PA00373,U0593,H008,T0117,Mobile,2024-10-21,attended
PA00374,U0613,H008,T0110,Frontend,2024-09-27,attended
PA00375,U0616,H008,T0111,DevOps,2024-10-20,attended
PA00376,U0636,H008,T0118,Product,2024-10-12,attended
PA00377,U0007,H009,T0122,ML/AI,2024-11-13,attended
PA00378,U0015,H009,T0129,ML/AI,2024-11-09,attended
PA00379,U0052,H009,T0127,Lead,2024-11-18,attended
PA00380,U0081,H009,T0133,DevOps,2024-11-04,attended
PA00381,U0085,H009,T0128,Backend,2024-11-21,attended
PA00382,U0129,H009,T0134,DevOps,2024-11-13,attended
PA00383,U0136,H009,T0123,Backend,2024-11-11,attended
PA00384,U0140,H009,T0125,DevOps,2024-11-03,attended
PA00385,U0143,H009,T0123,Product,2024-10-31,attended
PA00386,U0151,H009,T0127,Data,2024-11-03,attended
PA00387,U0175,H009,T0126,ML/AI,2024-11-23,attended
PA00388,U0178,H009,T0131,Backend,2024-10-30,attended
PA00389,U0214,H009,T0127,Backend,2024-11-04,attended
PA00390,U0217,H009,,,2024-11-25,no_show
PA00391,U0220,H009,,,2024-11-12,no_show
PA00392,U0240,H009,T0131,Backend,2024-11-04,attended
PA00393,U0242,H009,T0135,Data,2024-11-04,attended
PA00394,U0251,H009,T0126,Data,2024-10-30,attended
PA00395,U0269,H009,T0124,Data,2024-11-09,attended
PA00396,U0298,H009,T0126,Lead,2024-11-09,attended
PA00397,U0323,H009,T0129,Mobile,2024-11-20,attended
PA00398,U0326,H009,T0130,Backend,2024-10-28,attended
PA00399,U0330,H009,T0122,Backend,2024-11-22,attended
PA00400,U0351,H009,T0133,Data,2024-10-29,attended
PA00401,U0352,H009,T0134,Backend,2024-11-09,attended
PA00402,U0365,H009,T0132,Data,2024-11-20,attended
PA00403,U0371,H009,T0124,ML/AI,2024-11-18,attended
PA00404,U0403,H009,T0133,Member,2024-11-01,attended
PA00405,U0414,H009,T0128,Backend,2024-11-24,attended
PA00406,U0422,H009,T0128,Mobile,2024-11-05,attended
PA00407,U0434,H009,T0125,Data,2024-11-24,attended
PA00408,U0436,H009,T0134,Design,2024-11-22,attended
PA00409,U0443,H009,T0129,Backend,2024-11-20,attended
PA00410,U0450,H009,T0125,Mobile,2024-11-27,attended
PA00411,U0456,H009,T0125,Frontend,2024-11-28,attended
PA00412,U0457,H009,,,2024-11-08,no_show
PA00413,U0472,H009,T0133,Product,2024-11-22,attended
PA00414,U0478,H009,,,2024-11-09,no_show
PA00415,U0482,H009,,,2024-11-29,no_show
PA00416,U0512,H009,T0135,Frontend,2024-11-30,attended
PA00417,U0521,H009,,,2024-11-30,no_show
PA00418,U0566,H009,T0135,Design,2024-11-11,attended
PA00419,U0587,H009,T0126,Backend,2024-11-01,attended
PA00420,U0602,H009,T0130,Design,2024-11-13,attended
PA00421,U0613,H009,T0123,Frontend,2024-11-03,attended
PA00422,U0616,H009,T0135,Member,2024-11-22,attended
PA00423,U0618,H009,T0131,Member,2024-10-28,attended
PA00424,U0001,H010,T0146,ML/AI,2024-12-26,attended
PA00425,U0005,H010,T0136,Data,2024-12-28,attended
PA00426,U0010,H010,T0141,Frontend,2024-12-10,attended
PA00427,U0012,H010,T0147,Backend,2024-12-08,attended
PA00428,U0026,H010,T0150,Member,2024-12-05,attended
PA00429,U0045,H010,T0143,Lead,2024-12-22,attended
PA00430,U0059,H010,T0136,Mobile,2024-12-17,attended
PA00431,U0066,H010,T0138,Frontend,2024-12-25,attended
PA00432,U0073,H010,T0140,Design,2024-12-20,attended
PA00433,U0077,H010,T0147,Product,2024-12-16,attended
PA00434,U0102,H010,,,2024-12-21,no_show
PA00435,U0118,H010,T0145,Data,2024-12-07,attended
PA00436,U0148,H010,T0144,Mobile,2025-01-02,attended
PA00437,U0150,H010,,,2025-01-05,no_show
PA00438,U0160,H010,T0138,Backend,2024-12-19,attended
PA00439,U0172,H010,T0146,Lead,2024-12-27,attended
PA00440,U0184,H010,T0139,DevOps,2024-12-21,attended
PA00441,U0186,H010,T0141,Design,2024-12-12,attended
PA00442,U0200,H010,T0139,ML/AI,2024-12-13,attended
PA00443,U0201,H010,T0144,Lead,2024-12-11,attended
PA00444,U0215,H010,T0147,Frontend,2024-12-27,attended
PA00445,U0259,H010,T0143,Frontend,2025-01-01,attended
PA00446,U0267,H010,T0142,DevOps,2024-12-05,attended
PA00447,U0281,H010,T0146,Lead,2024-12-18,attended
PA00448,U0313,H010,T0142,Data,2024-12-22,attended
PA00449,U0315,H010,T0149,Product,2025-01-02,attended
PA00450,U0338,H010,T0148,Member,2024-12-27,attended
PA00451,U0356,H010,,,2024-12-15,no_show
PA00452,U0398,H010,T0150,Member,2024-12-25,attended
PA00453,U0410,H010,T0149,Data,2024-12-12,attended
PA00454,U0424,H010,T0142,Product,2025-01-04,attended
PA00455,U0433,H010,T0149,Frontend,2024-12-05,attended
PA00456,U0450,H010,T0141,Design,2024-12-31,attended
PA00457,U0463,H010,T0137,Mobile,2025-01-05,attended
PA00458,U0480,H010,T0145,DevOps,2024-12-30,attended
PA00459,U0494,H010,T0150,Frontend,2024-12-01,attended
PA00460,U0515,H010,T0136,Backend,2024-12-13,attended
PA00461,U0555,H010,T0151,Member,2024-12-22,attended
PA00462,U0556,H010,T0137,DevOps,2024-12-07,attended
PA00463,U0566,H010,T0138,Product,2024-12-18,attended
PA00464,U0572,H010,T0140,DevOps,2024-12-20,attended
PA00465,U0596,H010,T0143,Frontend,2024-12-19,attended
PA00466,U0613,H010,T0145,Frontend,2024-12-17,attended
PA00467,U0008,H011,T0155,Backend,2025-01-11,attended
PA00468,U0017,H011,T0153,Member,2025-02-01,attended
PA00469,U0029,H011,T0160,Member,2025-01-06,attended
PA00470,U0034,H011,T0161,ML/AI,2025-01-25,attended
PA00471,U0036,H011,T0158,Frontend,2025-02-04,attended
PA00472,U0085,H011,T0154,Backend,2025-01-10,attended
PA00473,U0092,H011,T0157,ML/AI,2025-02-02,attended
PA00474,U0118,H011,T0161,Lead,2025-01-20,attended
PA00475,U0138,H011,T0162,ML/AI,2025-01-13,attended
PA00476,U0148,H011,T0160,Design,2025-02-10,attended
PA00477,U0175,H011,T0157,ML/AI,2025-02-08,attended
PA00478,U0208,H011,T0155,Frontend,2025-01-27,attended
PA00479,U0225,H011,T0152,Lead,2025-02-10,attended
PA00480,U0253,H011,,,2025-01-28,no_show
PA00481,U0287,H011,T0154,Lead,2025-02-08,attended
PA00482,U0302,H011,T0155,Data,2025-02-01,attended
PA00483,U0306,H011,T0163,Backend,2025-01-18,attended
PA00484,U0325,H011,T0156,DevOps,2025-02-06,attended
PA00485,U0344,H011,T0152,ML/AI,2025-02-03,attended
PA00486,U0366,H011,T0162,Lead,2025-02-10,attended
PA00487,U0404,H011,T0154,Frontend,2025-01-29,attended
PA00488,U0405,H011,,,2025-02-03,no_show
PA00489,U0431,H011,T0159,Backend,2025-01-22,attended
PA00490,U0439,H011,T0153,Lead,2025-01-06,attended
PA00491,U0443,H011,,,2025-01-12,no_show
PA00492,U0450,H011,T0161,Design,2025-02-04,attended
PA00493,U0455,H011,T0163,Product,2025-01-07,attended
PA00494,U0459,H011,,,2025-01-29,no_show
PA00495,U0475,H011,T0154,Backend,2025-02-11,attended
PA00496,U0488,H011,T0159,Product,2025-01-25,attended
PA00497,U0494,H011,T0156,Frontend,2025-01-13,attended
PA00498,U0500,H011,T0159,Member,2025-02-10,attended
PA00499,U0512,H011,T0153,Frontend,2025-02-07,attended
PA00500,U0548,H011,T0157,Mobile,2025-02-11,attended
PA00501,U0553,H011,T0160,ML/AI,2025-01-23,attended
PA00502,U0558,H011,T0155,Backend,2025-01-12,attended
PA00503,U0559,H011,T0157,Product,2025-01-11,attended
PA00504,U0565,H011,T0162,Member,2025-01-28,attended
PA00505,U0583,H011,T0152,Member,2025-02-04,attended
PA00506,U0596,H011,T0163,Frontend,2025-01-17,attended
PA00507,U0627,H011,T0158,Product,2025-02-10,attended
PA00508,U0633,H011,T0158,Product,2025-01-12,attended
PA00509,U0002,H012,T0167,Backend,2025-03-02,attended
PA00510,U0011,H012,,,2025-03-11,no_show
PA00511,U0022,H012,T0165,Mobile,2025-02-28,attended
PA00512,U0027,H012,T0171,Data,2025-02-28,attended
PA00513,U0033,H012,T0168,Lead,2025-03-12,attended
PA00514,U0059,H012,T0164,Mobile,2025-03-05,attended
PA00515,U0066,H012,T0166,Member,2025-03-13,attended
PA00516,U0076,H012,T0172,Mobile,2025-02-26,attended
PA00517,U0106,H012,T0175,Backend,2025-02-27,attended
PA00518,U0122,H012,T0168,ML/AI,2025-02-18,attended
PA00519,U0123,H012,T0171,Backend,2025-03-13,attended
PA00520,U0132,H012,T0177,Product,2025-03-03,attended
PA00521,U0133,H012,T0176,Member,2025-02-24,attended
PA00522,U0148,H012,T0167,Mobile,2025-02-21,attended
PA00523,U0155,H012,,,2025-03-10,no_show
PA00524,U0159,H012,T0164,Backend,2025-03-06,attended
PA00525,U0206,H012,T0171,Mobile,2025-02-27,attended
PA00526,U0207,H012,,,2025-03-08,no_show
PA00527,U0208,H012,T0170,Design,2025-03-04,attended
PA00528,U0233,H012,T0173,Backend,2025-03-12,attended
PA00529,U0242,H012,T0174,Data,2025-03-09,attended
PA00530,U0249,H012,T0172,Frontend,2025-03-07,attended
PA00531,U0250,H012,T0176,Backend,2025-03-06,attended
PA00532,U0251,H012,T0165,Data,2025-03-22,attended
PA00533,U0278,H012,T0167,ML/AI,2025-03-17,attended
PA00534,U0314,H012,T0170,Member,2025-02-17,attended
PA00535,U0333,H012,T0166,ML/AI,2025-02-28,attended
PA00536,U0339,H012,T0169,Mobile,2025-02-24,attended
PA00537,U0360,H012,T0175,Lead,2025-02-27,attended
PA00538,U0365,H012,T0169,Backend,2025-02-26,attended
PA00539,U0368,H012,T0175,Data,2025-03-02,attended
PA00540,U0392,H012,T0177,Lead,2025-02-26,attended
PA00541,U0424,H012,T0174,Product,2025-02-26,attended
PA00542,U0425,H012,T0164,Backend,2025-03-05,attended
PA00543,U0480,H012,T0176,DevOps,2025-03-12,attended
PA00544,U0483,H012,T0173,Lead,2025-02-24,attended
PA00545,U0498,H012,T0173,Lead,2025-03-01,attended
PA00546,U0512,H012,T0174,Frontend,2025-03-22,attended
PA00547,U0529,H012,,,2025-02-24,no_show
PA00548,U0539,H012,T0166,Mobile,2025-03-14,attended
PA00549,U0555,H012,T0168,Backend,2025-02-14,attended
PA00550,U0584,H012,T0172,Product,2025-02-13,attended
PA00551,U0593,H012,T0166,Data,2025-03-19,attended
PA00552,U0596,H012,T0169,Frontend,2025-03-21,attended
PA00553,U0599,H012,,,2025-03-06,no_show
PA00554,U0604,H012,T0165,Mobile,2025-03-12,attended
PA00555,U0619,H012,T0164,Product,2025-03-21,attended
PA00556,U0010,H013,,,2025-04-18,no_show
PA00557,U0014,H013,T0195,ML/AI,2025-04-04,attended
PA00558,U0016,H013,T0185,Data,2025-04-25,attended
PA00559,U0075,H013,T0189,DevOps,2025-04-03,attended
PA00560,U0092,H013,T0179,Backend,2025-04-27,attended
PA00561,U0102,H013,T0189,Member,2025-04-15,attended
PA00562,U0109,H013,T0192,Backend,2025-04-30,attended
PA00563,U0119,H013,T0186,DevOps,2025-05-01,attended
PA00564,U0139,H013,T0191,Mobile,2025-05-06,attended
PA00565,U0143,H013,,,2025-04-04,no_show
PA00566,U0159,H013,T0190,Backend,2025-05-04,attended
PA00567,U0173,H013,T0181,ML/AI,2025-03-31,attended
PA00568,U0177,H013,T0181,Backend,2025-04-11,attended
PA00569,U0184,H013,T0192,DevOps,2025-04-02,attended
PA00570,U0188,H013,T0196,ML/AI,2025-04-24,attended
PA00571,U0201,H013,T0190,Frontend,2025-04-17,attended
PA00572,U0207,H013,T0181,DevOps,2025-04-24,attended
PA00573,U0210,H013,T0193,Member,2025-04-29,attended
PA00574,U0222,H013,T0195,Mobile,2025-04-15,attended
PA00575,U0231,H013,T0187,Member,2025-04-11,attended
PA00576,U0237,H013,T0191,Mobile,2025-04-10,attended
PA00577,U0248,H013,T0178,ML/AI,2025-04-16,attended
PA00578,U0255,H013,T0190,DevOps,2025-04-09,attended
PA00579,U0259,H013,T0183,Product,2025-04-02,attended
PA00580,U0260,H013,T0187,Frontend,2025-04-08,attended
PA00581,U0269,H013,T0182,Data,2025-03-30,attended
PA00582,U0278,H013,,,2025-04-01,no_show
PA00583,U0280,H013,T0178,Member,2025-04-23,attended
PA00584,U0288,H013,T0186,Backend,2025-04-01,attended
PA00585,U0303,H013,T0186,Backend,2025-04-04,attended
PA00586,U0309,H013,T0194,Design,2025-05-01,attended
PA00587,U0318,H013,,,2025-04-27,no_show
PA00588,U0321,H013,,,2025-05-02,no_show
PA00589,U0334,H013,,,2025-05-01,no_show
PA00590,U0337,H013,T0188,Member,2025-03-30,attended
PA00591,U0338,H013,T0179,Member,2025-04-02,attended
PA00592,U0345,H013,,,2025-05-03,no_show
PA00593,U0346,H013,T0194,Member,2025-04-16,attended
PA00594,U0355,H013,,,2025-04-16,no_show
PA00595,U0363,H013,T0194,Product,2025-04-09,attended
PA00596,U0367,H013,T0184,Data,2025-04-18,attended
PA00597,U0371,H013,T0182,ML/AI,2025-04-08,attended
PA00598,U0373,H013,T0195,Backend,2025-05-02,attended
PA00599,U0378,H013,T0185,Backend,2025-04-03,attended
PA00600,U0380,H013,T0178,Data,2025-04-21,attended
PA00601,U0391,H013,T0180,Design,2025-04-30,attended
PA00602,U0420,H013,T0180,Backend,2025-04-17,attended
PA00603,U0423,H013,T0193,Backend,2025-04-23,attended
PA00604,U0436,H013,T0192,Member,2025-05-02,attended
PA00605,U0443,H013,T0188,Backend,2025-04-01,attended
PA00606,U0445,H013,T0183,Data,2025-04-08,attended
PA00607,U0473,H013,T0187,Mobile,2025-05-01,attended
PA00608,U0475,H013,T0183,Backend,2025-04-21,attended
PA00609,U0489,H013,T0179,Data,2025-04-21,attended
PA00610,U0525,H013,T0180,Frontend,2025-04-20,attended
PA00611,U0528,H013,,,2025-04-28,no_show
PA00612,U0536,H013,,,2025-04-02,no_show
PA00613,U0550,H013,T0185,ML/AI,2025-04-27,attended
PA00614,U0551,H013,,,2025-04-17,no_show
PA00615,U0584,H013,T0193,Product,2025-04-30,attended
PA00616,U0590,H013,T0184,Design,2025-04-28,attended
PA00617,U0624,H013,T0191,Backend,2025-04-29,attended
PA00618,U0636,H013,T0189,Product,2025-05-01,attended
PA00619,U0001,H014,T0197,ML/AI,2025-06-02,attended
PA00620,U0003,H014,T0203,Lead,2025-06-06,attended
PA00621,U0007,H014,T0197,ML/AI,2025-05-23,attended
PA00622,U0008,H014,T0198,Backend,2025-05-16,attended
PA00623,U0012,H014,T0205,Backend,2025-05-09,attended
PA00624,U0018,H014,,,2025-05-23,no_show
PA00625,U0055,H014,T0208,Backend,2025-06-04,attended
PA00626,U0073,H014,,,2025-05-25,no_show
PA00627,U0076,H014,T0207,Mobile,2025-06-09,attended
PA00628,U0108,H014,,,2025-05-05,no_show
PA00629,U0111,H014,,,2025-06-02,no_show
PA00630,U0117,H014,,,2025-05-03,no_show
PA00631,U0118,H014,T0202,Lead,2025-05-30,attended
PA00632,U0133,H014,T0206,Design,2025-06-06,attended
PA00633,U0138,H014,T0205,ML/AI,2025-06-02,attended
PA00634,U0145,H014,T0206,ML/AI,2025-05-14,attended
PA00635,U0148,H014,T0199,Mobile,2025-05-18,attended
PA00636,U0175,H014,T0202,ML/AI,2025-05-14,attended
PA00637,U0200,H014,T0203,ML/AI,2025-06-06,attended
PA00638,U0201,H014,T0199,Frontend,2025-05-24,attended
PA00639,U0206,H014,,,2025-05-22,no_show
PA00640,U0237,H014,T0209,Design,2025-05-05,attended
PA00641,U0243,H014,T0200,Backend,2025-05-30,attended
PA00642,U0248,H014,T0200,Data,2025-05-15,attended
PA00643,U0259,H014,T0207,Product,2025-05-04,attended
PA00644,U0263,H014,T0204,Product,2025-05-25,attended
PA00645,U0278,H014,,,2025-05-19,no_show
PA00646,U0281,H014,T0197,Member,2025-05-16,attended
PA00647,U0323,H014,T0201,Mobile,2025-05-13,attended
PA00648,U0324,H014,,,2025-06-02,no_show
PA00649,U0346,H014,T0206,Mobile,2025-05-18,attended
PA00650,U0364,H014,,,2025-06-05,no_show
PA00651,U0373,H014,T0200,Backend,2025-05-11,attended
PA00652,U0402,H014,T0203,Backend,2025-05-18,attended
PA00653,U0408,H014,T0204,Lead,2025-05-25,attended
PA00654,U0428,H014,T0207,Backend,2025-05-09,attended
PA00655,U0435,H014,T0208,Design,2025-05-20,attended
PA00656,U0456,H014,T0205,Frontend,2025-05-08,attended
PA00657,U0457,H014,T0204,Design,2025-05-17,attended
PA00658,U0458,H014,T0199,Backend,2025-05-06,attended
PA00659,U0463,H014,T0204,Mobile,2025-05-27,attended
PA00660,U0464,H014,T0198,Mobile,2025-06-05,attended
PA00661,U0540,H014,T0205,Lead,2025-05-19,attended
PA00662,U0544,H014,T0202,Design,2025-05-06,attended
PA00663,U0547,H014,T0208,Frontend,2025-06-02,attended
PA00664,U0555,H014,T0209,Member,2025-05-30,attended
PA00665,U0558,H014,T0198,Backend,2025-05-05,attended
PA00666,U0588,H014,T0201,Lead,2025-05-22,attended
PA00667,U0629,H014,T0201,Frontend,2025-05-15,attended
PA00668,U0632,H014,T0202,Data,2025-05-19,attended
PA00669,U0633,H014,T0208,Member,2025-05-17,attended
PA00670,U0639,H014,T0203,Member,2025-05-14,attended
PA00671,U0005,H015,T0218,Data,2025-06-14,attended
PA00672,U0007,H015,T0212,ML/AI,2025-06-27,attended
PA00673,U0015,H015,T0214,ML/AI,2025-06-12,attended
PA00674,U0019,H015,T0219,Backend,2025-07-12,attended
PA00675,U0032,H015,T0216,Data,2025-07-02,attended
PA00676,U0039,H015,T0215,DevOps,2025-06-23,attended
PA00677,U0044,H015,T0218,Frontend,2025-06-19,attended
PA00678,U0045,H015,T0215,Lead,2025-07-17,attended
PA00679,U0046,H015,T0216,Frontend,2025-07-10,attended
PA00680,U0059,H015,T0213,Mobile,2025-07-05,attended
PA00681,U0061,H015,T0212,Product,2025-07-08,attended
PA00682,U0071,H015,T0210,Backend,2025-07-02,attended
PA00683,U0098,H015,T0213,Backend,2025-07-08,attended
PA00684,U0123,H015,T0217,Backend,2025-06-29,attended
PA00685,U0135,H015,,,2025-07-09,no_show
PA00686,U0141,H015,,,2025-06-22,no_show
PA00687,U0146,H015,,,2025-06-30,no_show
PA00688,U0150,H015,,,2025-06-25,no_show
PA00689,U0242,H015,,,2025-07-07,no_show
PA00690,U0258,H015,T0219,Lead,2025-07-05,attended
PA00691,U0271,H015,T0210,Frontend,2025-07-17,attended
PA00692,U0272,H015,T0211,Frontend,2025-07-13,attended
PA00693,U0280,H015,T0218,Member,2025-07-10,attended
PA00694,U0338,H015,T0214,Member,2025-06-19,attended
PA00695,U0353,H015,T0215,Design,2025-07-18,attended
PA00696,U0367,H015,T0216,Data,2025-06-27,attended
PA00697,U0436,H015,,,2025-06-22,no_show
PA00698,U0443,H015,T0214,Backend,2025-06-11,attended
PA00699,U0469,H015,T0212,Design,2025-07-18,attended
PA00700,U0493,H015,T0217,Backend,2025-06-29,attended
PA00701,U0504,H015,T0214,Product,2025-07-17,attended
PA00702,U0511,H015,T0211,Backend,2025-06-19,attended
PA00703,U0517,H015,T0210,Lead,2025-06-29,attended
PA00704,U0552,H015,T0210,DevOps,2025-06-20,attended
PA00705,U0566,H015,T0215,Member,2025-06-13,attended
PA00706,U0573,H015,T0218,Lead,2025-06-14,attended
PA00707,U0585,H015,T0219,Mobile,2025-07-02,attended
PA00708,U0598,H015,T0217,DevOps,2025-07-14,attended
PA00709,U0627,H015,T0213,Product,2025-06-12,attended
PA00710,U0004,H016,T0220,Design,2025-08-21,attended
PA00711,U0010,H016,T0229,Frontend,2025-07-31,attended
PA00712,U0011,H016,,,2025-08-20,no_show
PA00713,U0024,H016,T0226,Backend,2025-08-08,attended
PA00714,U0032,H016,T0222,Lead,2025-08-01,attended
PA00715,U0033,H016,T0234,Lead,2025-08-11,attended
PA00716,U0046,H016,T0222,Lead,2025-08-22,attended
PA00717,U0058,H016,,,2025-08-12,no_show
PA00718,U0059,H016,T0220,Mobile,2025-08-24,attended
PA00719,U0062,H016,T0229,Design,2025-08-11,attended
PA00720,U0071,H016,T0232,Backend,2025-08-12,attended
PA00721,U0102,H016,T0225,Member,2025-08-03,attended
PA00722,U0105,H016,T0226,Design,2025-08-18,attended
PA00723,U0109,H016,T0224,Backend,2025-08-15,attended
PA00724,U0118,H016,T0220,Lead,2025-07-19,attended
PA00725,U0142,H016,T0230,Frontend,2025-07-23,attended
PA00726,U0148,H016,T0231,Mobile,2025-07-23,attended
PA00727,U0159,H016,T0229,Backend,2025-08-15,attended
PA00728,U0160,H016,,,2025-08-12,no_show
PA00729,U0191,H016,,,2025-08-16,no_show
PA00730,U0194,H016,T0231,Frontend,2025-07-24,attended
PA00731,U0207,H016,T0225,ML/AI,2025-08-12,attended
PA00732,U0215,H016,T0233,Frontend,2025-07-31,attended
PA00733,U0216,H016,T0236,ML/AI,2025-07-23,attended
PA00734,U0235,H016,T0236,Data,2025-08-19,attended
PA00735,U0259,H016,,,2025-07-31,no_show
PA00736,U0260,H016,T0223,Frontend,2025-08-23,attended
PA00737,U0265,H016,T0221,Member,2025-07-21,attended
PA00738,U0314,H016,T0233,Member,2025-08-13,attended
PA00739,U0322,H016,T0223,Backend,2025-08-09,attended
PA00740,U0327,H016,T0227,Design,2025-08-11,attended
PA00741,U0338,H016,T0237,Member,2025-07-30,attended
PA00742,U0356,H016,T0231,DevOps,2025-07-18,attended
PA00743,U0361,H016,,,2025-08-14,no_show
PA00744,U0367,H016,T0222,Data,2025-08-23,attended
PA00745,U0372,H016,T0230,ML/AI,2025-08-14,attended
PA00746,U0408,H016,,,2025-08-02,no_show
PA00747,U0420,H016,,,2025-07-25,no_show
PA00748,U0426,H016,T0237,Data,2025-07-28,attended
PA00749,U0429,H016,T0227,DevOps,2025-07-30,attended
PA00750,U0434,H016,T0235,Data,2025-08-05,attended
PA00751,U0436,H016,T0224,Data,2025-08-13,attended
PA00752,U0449,H016,T0226,Lead,2025-08-06,attended
PA00753,U0450,H016,T0224,Design,2025-08-08,attended
PA00754,U0493,H016,T0235,Backend,2025-08-03,attended
PA00755,U0526,H016,T0228,Member,2025-08-14,attended
PA00756,U0536,H016,T0233,Data,2025-08-18,attended
PA00757,U0546,H016,T0232,Lead,2025-08-24,attended
PA00758,U0556,H016,T0236,DevOps,2025-07-22,attended
PA00759,U0573,H016,T0237,Lead,2025-08-20,attended
PA00760,U0579,H016,,,2025-08-09,no_show
PA00761,U0582,H016,T0221,Design,2025-07-29,attended
PA00762,U0584,H016,T0223,Product,2025-08-11,attended
PA00763,U0585,H016,T0235,Frontend,2025-08-09,attended
PA00764,U0593,H016,T0228,Backend,2025-07-20,attended
PA00765,U0627,H016,T0228,Product,2025-07-22,attended
PA00766,U0630,H016,T0225,Frontend,2025-08-16,attended
PA00767,U0631,H016,T0227,Design,2025-08-05,attended
PA00768,U0002,H017,T0238,Backend,2025-09-22,attended
PA00769,U0013,H017,T0247,Data,2025-09-15,attended
PA00770,U0014,H017,T0249,ML/AI,2025-09-29,attended
PA00771,U0024,H017,T0245,ML/AI,2025-09-22,attended
PA00772,U0025,H017,T0246,DevOps,2025-09-21,attended
PA00773,U0034,H017,T0250,Member,2025-09-30,attended
PA00774,U0067,H017,T0246,Frontend,2025-09-23,attended
PA00775,U0075,H017,T0250,Frontend,2025-09-02,attended
PA00776,U0076,H017,T0249,Mobile,2025-09-08,attended
PA00777,U0085,H017,T0241,Backend,2025-10-01,attended
PA00778,U0099,H017,T0245,Mobile,2025-09-15,attended
PA00779,U0110,H017,T0241,Data,2025-08-27,attended
PA00780,U0114,H017,T0248,ML/AI,2025-08-25,attended
PA00781,U0150,H017,T0250,Mobile,2025-09-01,attended
PA00782,U0166,H017,T0242,Product,2025-08-26,attended
PA00783,U0177,H017,T0244,Backend,2025-09-27,attended
PA00784,U0200,H017,T0245,ML/AI,2025-09-07,attended
PA00785,U0206,H017,T0240,Mobile,2025-09-30,attended
PA00786,U0272,H017,T0247,Frontend,2025-09-26,attended
PA00787,U0296,H017,T0238,Frontend,2025-09-18,attended
PA00788,U0303,H017,T0248,Mobile,2025-09-05,attended
PA00789,U0317,H017,T0239,Frontend,2025-09-06,attended
PA00790,U0325,H017,T0243,DevOps,2025-09-27,attended
PA00791,U0333,H017,T0244,DevOps,2025-09-08,attended
PA00792,U0344,H017,T0241,Mobile,2025-08-31,attended
PA00793,U0353,H017,T0244,Backend,2025-08-31,attended
PA00794,U0361,H017,T0244,Backend,2025-09-24,attended
PA00795,U0371,H017,T0238,ML/AI,2025-09-08,attended
PA00796,U0386,H017,,,2025-08-25,no_show
PA00797,U0414,H017,T0247,ML/AI,2025-09-28,attended
PA00798,U0416,H017,T0243,Lead,2025-09-08,attended
PA00799,U0420,H017,T0240,Backend,2025-09-21,attended
PA00800,U0476,H017,T0238,Backend,2025-09-05,attended
PA00801,U0502,H017,T0242,Lead,2025-09-23,attended
PA00802,U0512,H017,T0242,Frontend,2025-09-10,attended
PA00803,U0513,H017,T0240,Member,2025-09-15,attended
PA00804,U0528,H017,T0243,Backend,2025-09-09,attended
PA00805,U0566,H017,T0239,Product,2025-08-29,attended
PA00806,U0578,H017,T0245,Member,2025-09-19,attended
PA00807,U0616,H017,T0239,DevOps,2025-09-23,attended
PA00808,U0629,H017,,,2025-08-25,no_show
PA00809,U0001,H018,T0258,ML/AI,2025-11-06,attended
PA00810,U0009,H018,T0261,Lead,2025-11-15,attended
PA00811,U0012,H018,T0263,Design,2025-10-21,attended
PA00812,U0017,H018,T0261,Member,2025-10-15,attended
PA00813,U0018,H018,,,2025-10-28,no_show
PA00814,U0019,H018,T0261,Backend,2025-10-30,attended
PA00815,U0025,H018,T0266,Frontend,2025-10-14,attended
PA00816,U0122,H018,T0259,ML/AI,2025-10-22,attended
PA00817,U0129,H018,T0259,Lead,2025-10-31,attended
PA00818,U0131,H018,T0263,Member,2025-11-04,attended
PA00819,U0137,H018,T0265,Mobile,2025-10-09,attended
PA00820,U0144,H018,T0265,Design,2025-10-21,attended
PA00821,U0146,H018,T0257,Mobile,2025-10-28,attended
PA00822,U0147,H018,T0252,Frontend,2025-10-24,attended
PA00823,U0152,H018,T0266,Backend,2025-10-23,attended
PA00824,U0153,H018,T0263,Product,2025-10-28,attended
PA00825,U0162,H018,T0254,Data,2025-10-17,attended
PA00826,U0173,H018,T0251,Data,2025-10-10,attended
PA00827,U0175,H018,T0267,ML/AI,2025-10-25,attended
PA00828,U0205,H018,T0259,Design,2025-10-19,attended
PA00829,U0236,H018,T0264,DevOps,2025-10-23,attended
PA00830,U0260,H018,T0261,Frontend,2025-11-10,attended
PA00831,U0263,H018,T0262,Product,2025-10-24,attended
PA00832,U0274,H018,T0253,Frontend,2025-11-13,attended
PA00833,U0278,H018,T0252,Lead,2025-10-12,attended
PA00834,U0303,H018,T0257,Backend,2025-11-11,attended
PA00835,U0306,H018,,,2025-10-26,no_show
PA00836,U0338,H018,T0252,Member,2025-10-17,attended
PA00837,U0342,H018,T0254,Lead,2025-10-18,attended
PA00838,U0357,H018,T0266,Data,2025-11-12,attended
PA00839,U0358,H018,,,2025-11-13,no_show
PA00840,U0369,H018,T0258,Backend,2025-11-08,attended
PA00841,U0372,H018,T0254,ML/AI,2025-10-18,attended
PA00842,U0374,H018,,,2025-11-11,no_show
PA00843,U0375,H018,T0265,Frontend,2025-10-11,attended
PA00844,U0382,H018,,,2025-10-12,no_show
PA00845,U0390,H018,T0257,Design,2025-11-06,attended
PA00846,U0399,H018,T0256,Backend,2025-10-28,attended
PA00847,U0423,H018,T0253,Backend,2025-10-25,attended
PA00848,U0463,H018,T0262,Mobile,2025-10-15,attended
PA00849,U0475,H018,T0253,Backend,2025-11-03,attended
PA00850,U0494,H018,T0254,Frontend,2025-11-12,attended
PA00851,U0512,H018,T0255,Frontend,2025-11-06,attended
PA00852,U0517,H018,T0262,Design,2025-10-11,attended
PA00853,U0531,H018,T0257,Data,2025-11-03,attended
PA00854,U0552,H018,T0258,DevOps,2025-11-11,attended
PA00855,U0583,H018,T0260,DevOps,2025-10-29,attended
PA00856,U0613,H018,T0251,Frontend,2025-11-06,attended
PA00857,U0620,H018,T0252,Backend,2025-11-05,attended
PA00858,U0624,H018,,,2025-10-22,no_show
PA00859,U0007,H019,T0274,Design,2025-12-02,attended
PA00860,U0010,H019,T0271,Frontend,2025-12-17,attended
PA00861,U0016,H019,T0269,Mobile,2025-12-17,attended
PA00862,U0024,H019,T0273,Backend,2025-12-05,attended
PA00863,U0046,H019,T0278,Frontend,2025-12-23,attended
PA00864,U0129,H019,T0277,DevOps,2025-12-27,attended
PA00865,U0136,H019,T0268,Backend,2025-12-12,attended
PA00866,U0146,H019,T0270,Mobile,2025-12-05,attended
PA00867,U0159,H019,T0271,Backend,2025-11-29,attended
PA00868,U0163,H019,,,2025-12-11,no_show
PA00869,U0169,H019,,,2025-11-24,no_show
PA00870,U0173,H019,T0275,Data,2025-12-30,attended
PA00871,U0175,H019,T0268,ML/AI,2025-12-24,attended
PA00872,U0180,H019,T0278,Design,2025-12-03,attended
PA00873,U0183,H019,T0272,Lead,2025-12-03,attended
PA00874,U0184,H019,T0279,DevOps,2025-12-18,attended
PA00875,U0208,H019,T0277,Frontend,2025-12-29,attended
PA00876,U0209,H019,T0279,Frontend,2025-12-03,attended
PA00877,U0227,H019,T0271,Backend,2025-11-29,attended
PA00878,U0238,H019,T0275,Data,2025-12-03,attended
PA00879,U0240,H019,T0278,Backend,2025-12-01,attended
PA00880,U0242,H019,,,2025-12-02,no_show
PA00881,U0249,H019,,,2025-12-28,no_show
PA00882,U0267,H019,T0281,Member,2025-12-15,attended
PA00883,U0272,H019,T0281,Frontend,2025-12-26,attended
PA00884,U0273,H019,T0270,Backend,2025-12-09,attended
PA00885,U0296,H019,T0272,Frontend,2025-12-20,attended
PA00886,U0325,H019,T0275,Mobile,2025-12-28,attended
PA00887,U0347,H019,T0273,Frontend,2025-12-24,attended
PA00888,U0355,H019,T0270,Frontend,2025-12-02,attended
PA00889,U0357,H019,T0269,Frontend,2025-11-25,attended
PA00890,U0374,H019,T0276,Lead,2025-12-19,attended
PA00891,U0379,H019,T0276,Product,2025-12-16,attended
PA00892,U0399,H019,T0278,Backend,2025-12-08,attended
PA00893,U0414,H019,T0272,ML/AI,2025-12-27,attended
PA00894,U0417,H019,T0277,Lead,2025-12-17,attended
PA00895,U0431,H019,T0276,ML/AI,2025-12-22,attended
PA00896,U0447,H019,T0281,Frontend,2025-12-18,attended
PA00897,U0449,H019,T0270,Lead,2025-12-16,attended
PA00898,U0504,H019,T0274,Product,2025-12-08,attended
PA00899,U0555,H019,T0276,Mobile,2025-12-29,attended
PA00900,U0565,H019,,,2025-12-11,no_show
PA00901,U0566,H019,T0272,Product,2025-12-24,attended
PA00902,U0590,H019,,,2025-12-05,no_show
PA00903,U0593,H019,T0279,Backend,2025-12-24,attended
PA00904,U0596,H019,T0274,Frontend,2025-12-11,attended
PA00905,U0630,H019,T0280,Frontend,2025-12-02,attended
PA00906,U0006,H020,T0284,Data,2026-01-27,attended
PA00907,U0009,H020,T0295,Lead,2026-02-14,attended
PA00908,U0011,H020,,,2026-01-18,no_show
PA00909,U0015,H020,T0287,ML/AI,2026-02-03,attended
PA00910,U0031,H020,T0283,Mobile,2026-02-12,attended
PA00911,U0046,H020,,,2026-01-24,no_show
PA00912,U0058,H020,T0293,Lead,2026-02-02,attended
PA00913,U0059,H020,T0290,Mobile,2026-01-23,attended
PA00914,U0085,H020,T0294,Mobile,2026-02-03,attended
PA00915,U0092,H020,T0284,Backend,2026-02-11,attended
PA00916,U0118,H020,T0284,Lead,2026-02-14,attended
PA00917,U0124,H020,T0289,Frontend,2026-02-10,attended
PA00918,U0132,H020,T0298,Backend,2026-01-15,attended
PA00919,U0133,H020,T0285,Backend,2026-02-08,attended
PA00920,U0136,H020,T0290,Backend,2026-02-05,attended
PA00921,U0139,H020,T0293,Mobile,2026-01-23,attended
PA00922,U0148,H020,T0286,Mobile,2026-01-31,attended
PA00923,U0156,H020,T0295,ML/AI,2026-01-16,attended
PA00924,U0161,H020,T0291,Backend,2026-02-05,attended
PA00925,U0173,H020,T0296,Data,2026-02-10,attended
PA00926,U0190,H020,T0282,ML/AI,2026-01-22,attended
PA00927,U0193,H020,T0282,Backend,2026-02-14,attended
PA00928,U0194,H020,T0286,Frontend,2026-02-08,attended
PA00929,U0202,H020,T0286,Lead,2026-01-25,attended
PA00930,U0204,H020,T0288,Data,2026-01-28,attended
PA00931,U0205,H020,T0294,Design,2026-01-24,attended
PA00932,U0242,H020,T0292,Data,2026-01-19,attended
PA00933,U0249,H020,T0294,Frontend,2026-01-20,attended
PA00934,U0259,H020,T0296,Product,2026-01-27,attended
PA00935,U0263,H020,T0297,Product,2026-02-04,attended
PA00936,U0270,H020,T0291,Mobile,2026-01-22,attended
PA00937,U0276,H020,,,2026-01-14,no_show
PA00938,U0284,H020,T0282,Data,2026-01-22,attended
PA00939,U0293,H020,T0287,DevOps,2026-01-29,attended
PA00940,U0310,H020,T0295,DevOps,2026-01-18,attended
PA00941,U0345,H020,T0286,Member,2026-01-11,attended
PA00942,U0355,H020,T0285,Frontend,2026-01-14,attended
PA00943,U0382,H020,,,2026-01-18,no_show
PA00944,U0386,H020,T0293,DevOps,2026-02-06,attended
PA00945,U0395,H020,,,2026-01-29,no_show
PA00946,U0412,H020,T0288,Mobile,2026-01-22,attended
PA00947,U0420,H020,T0292,Backend,2026-02-06,attended
PA00948,U0434,H020,T0290,Data,2026-02-09,attended
PA00949,U0435,H020,T0290,Design,2026-01-30,attended
PA00950,U0443,H020,T0285,Backend,2026-02-08,attended
PA00951,U0444,H020,T0292,Frontend,2026-01-20,attended
PA00952,U0468,H020,T0296,Design,2026-01-25,attended
PA00953,U0487,H020,T0291,Product,2026-01-14,attended
PA00954,U0512,H020,,,2026-02-11,no_show
PA00955,U0536,H020,T0289,Data,2026-01-25,attended
PA00956,U0545,H020,T0285,DevOps,2026-01-09,attended
PA00957,U0555,H020,T0282,Member,2026-01-18,attended
PA00958,U0565,H020,T0297,Member,2026-01-16,attended
PA00959,U0582,H020,,,2026-02-12,no_show
PA00960,U0585,H020,,,2026-02-03,no_show
PA00961,U0598,H020,T0291,Product,2026-02-09,attended
PA00962,U0619,H020,,,2026-01-21,no_show
PA00963,U0629,H020,,,2026-02-02,no_show
PA00964,U0001,H021,T0299,Data,2026-03-14,attended
PA00965,U0003,H021,T0308,Lead,2026-03-03,attended
PA00966,U0013,H021,T0299,Data,2026-02-25,attended
PA00967,U0053,H021,T0309,Mobile,2026-03-02,attended
PA00968,U0069,H021,T0306,Member,2026-03-06,attended
PA00969,U0096,H021,T0308,Backend,2026-03-01,attended
PA00970,U0097,H021,T0311,ML/AI,2026-03-31,attended
PA00971,U0111,H021,T0304,Data,2026-03-01,attended
PA00972,U0112,H021,T0310,ML/AI,2026-02-26,attended
PA00973,U0118,H021,T0300,Lead,2026-03-22,attended
PA00974,U0119,H021,T0302,Mobile,2026-02-25,attended
PA00975,U0128,H021,T0303,DevOps,2026-03-09,attended
PA00976,U0149,H021,,,2026-03-27,no_show
PA00977,U0169,H021,T0310,Lead,2026-03-08,attended
PA00978,U0172,H021,T0307,DevOps,2026-03-06,attended
PA00979,U0205,H021,T0306,Design,2026-03-29,attended
PA00980,U0208,H021,,,2026-03-01,no_show
PA00981,U0227,H021,T0303,Backend,2026-02-24,attended
PA00982,U0259,H021,T0304,Product,2026-03-15,attended
PA00983,U0268,H021,T0307,Frontend,2026-03-22,attended
PA00984,U0272,H021,T0299,Frontend,2026-03-16,attended
PA00985,U0273,H021,T0307,Backend,2026-03-12,attended
PA00986,U0290,H021,T0311,Data,2026-03-19,attended
PA00987,U0303,H021,T0305,Backend,2026-03-20,attended
PA00988,U0325,H021,T0301,DevOps,2026-03-04,attended
PA00989,U0326,H021,,,2026-03-09,no_show
PA00990,U0343,H021,T0304,Backend,2026-03-13,attended
PA00991,U0346,H021,T0311,Mobile,2026-03-24,attended
PA00992,U0367,H021,T0303,Data,2026-03-24,attended
PA00993,U0417,H021,T0302,Lead,2026-03-27,attended
PA00994,U0436,H021,T0309,Member,2026-03-27,attended
PA00995,U0450,H021,T0300,Data,2026-03-05,attended
PA00996,U0456,H021,T0303,Frontend,2026-03-09,attended
PA00997,U0495,H021,T0311,Data,2026-03-10,attended
PA00998,U0524,H021,T0308,Frontend,2026-03-11,attended
PA00999,U0536,H021,,,2026-03-19,no_show
PA01000,U0566,H021,T0305,Design,2026-03-03,attended
PA01001,U0585,H021,T0310,Frontend,2026-03-10,attended
PA01002,U0593,H021,T0301,Backend,2026-03-01,attended
PA01003,U0599,H021,T0300,ML/AI,2026-03-26,attended
PA01004,U0601,H021,T0301,Member,2026-03-31,attended
PA01005,U0616,H021,T0305,DevOps,2026-03-12,attended
PA01006,U0625,H021,T0299,Lead,2026-03-15,attended
PA01007,U0007,H022,T0322,ML/AI,2026-04-18,attended
PA01008,U0009,H022,T0323,Lead,2026-04-24,attended
PA01009,U0010,H022,T0321,Frontend,2026-04-23,attended
PA01010,U0014,H022,T0329,ML/AI,2026-04-20,attended
PA01011,U0020,H022,T0317,Product,2026-04-12,attended
PA01012,U0026,H022,T0328,Member,2026-05-03,attended
PA01013,U0047,H022,T0325,Backend,2026-05-06,attended
PA01014,U0058,H022,T0314,Lead,2026-04-25,attended
PA01015,U0059,H022,T0312,Frontend,2026-04-15,attended
PA01016,U0061,H022,T0322,Product,2026-04-21,attended
PA01017,U0066,H022,T0314,Frontend,2026-05-03,attended
PA01018,U0079,H022,T0317,Frontend,2026-05-06,attended
PA01019,U0085,H022,T0323,Backend,2026-04-15,attended
PA01020,U0091,H022,T0326,Design,2026-04-15,attended
PA01021,U0109,H022,T0317,Backend,2026-04-18,attended
PA01022,U0113,H022,T0313,Product,2026-04-26,attended
PA01023,U0118,H022,T0326,Lead,2026-05-07,attended
PA01024,U0143,H022,T0320,Mobile,2026-05-11,attended
PA01025,U0169,H022,T0316,Lead,2026-05-06,attended
PA01026,U0170,H022,T0331,Product,2026-04-26,attended
PA01027,U0194,H022,,,2026-04-13,no_show
PA01028,U0206,H022,T0324,Mobile,2026-05-18,attended
PA01029,U0253,H022,T0329,Frontend,2026-05-05,attended
PA01030,U0258,H022,T0325,Data,2026-04-18,attended
PA01031,U0295,H022,T0325,Frontend,2026-04-25,attended
PA01032,U0303,H022,T0321,Backend,2026-05-03,attended
PA01033,U0311,H022,T0312,Lead,2026-05-12,attended
PA01034,U0327,H022,T0315,Product,2026-04-20,attended
PA01035,U0342,H022,,,2026-05-03,no_show
PA01036,U0364,H022,T0328,Lead,2026-05-14,attended
PA01037,U0398,H022,T0328,Member,2026-04-27,attended
PA01038,U0404,H022,T0323,Frontend,2026-05-03,attended
PA01039,U0418,H022,T0324,DevOps,2026-05-01,attended
PA01040,U0423,H022,T0322,Backend,2026-04-24,attended
PA01041,U0425,H022,T0312,Backend,2026-05-12,attended
PA01042,U0431,H022,T0331,ML/AI,2026-04-15,attended
PA01043,U0434,H022,T0320,Data,2026-05-04,attended
PA01044,U0436,H022,T0318,Lead,2026-04-20,attended
PA01045,U0441,H022,T0321,Frontend,2026-04-13,attended
PA01046,U0463,H022,,,2026-04-26,no_show
PA01047,U0468,H022,T0327,Backend,2026-05-09,attended
PA01048,U0481,H022,T0329,Mobile,2026-05-11,attended
PA01049,U0490,H022,,,2026-05-17,no_show
PA01050,U0512,H022,T0313,Frontend,2026-04-26,attended
PA01051,U0531,H022,T0316,Data,2026-04-29,attended
PA01052,U0536,H022,T0315,Data,2026-04-13,attended
PA01053,U0539,H022,T0330,Mobile,2026-04-13,attended
PA01054,U0542,H022,T0327,Backend,2026-04-27,attended
PA01055,U0553,H022,T0326,ML/AI,2026-05-06,attended
PA01056,U0571,H022,T0314,DevOps,2026-05-04,attended
PA01057,U0603,H022,T0327,Product,2026-05-18,attended
PA01058,U0605,H022,T0313,Lead,2026-05-09,attended
PA01059,U0607,H022,T0330,DevOps,2026-04-20,attended
PA01060,U0632,H022,T0319,ML/AI,2026-05-18,attended
PA01061,U0006,H023,T0342,Frontend,2026-05-24,attended
PA01062,U0011,H023,,,2026-06-02,no_show
PA01063,U0012,H023,T0334,Backend,2026-06-17,attended
PA01064,U0013,H023,T0340,Data,2026-06-04,attended
PA01065,U0059,H023,T0333,Mobile,2026-06-01,attended
PA01066,U0061,H023,T0341,Product,2026-06-07,attended
PA01067,U0079,H023,T0343,Frontend,2026-06-10,attended
PA01068,U0085,H023,,,2026-06-26,no_show
PA01069,U0103,H023,T0344,Data,2026-06-23,attended
PA01070,U0114,H023,T0343,ML/AI,2026-05-24,attended
PA01071,U0148,H023,T0335,Mobile,2026-06-24,attended
PA01072,U0150,H023,,,2026-06-06,no_show
PA01073,U0153,H023,,,2026-06-25,no_show
PA01074,U0157,H023,T0333,Lead,2026-06-28,attended
PA01075,U0163,H023,T0339,DevOps,2026-05-31,attended
PA01076,U0179,H023,T0337,Data,2026-06-13,attended
PA01077,U0201,H023,T0335,Frontend,2026-05-30,attended
PA01078,U0210,H023,T0341,Member,2026-06-24,attended
PA01079,U0259,H023,T0340,Product,2026-06-16,attended
PA01080,U0277,H023,,,2026-06-07,no_show
PA01081,U0280,H023,T0338,Member,2026-06-04,attended
PA01082,U0308,H023,T0344,DevOps,2026-06-09,attended
PA01083,U0321,H023,T0332,Member,2026-05-28,attended
PA01084,U0327,H023,T0344,Lead,2026-06-26,attended
PA01085,U0347,H023,T0342,Frontend,2026-05-26,attended
PA01086,U0350,H023,T0332,Mobile,2026-06-27,attended
PA01087,U0378,H023,T0332,Backend,2026-06-05,attended
PA01088,U0385,H023,T0343,Mobile,2026-05-24,attended
PA01089,U0401,H023,T0341,Lead,2026-06-13,attended
PA01090,U0416,H023,T0334,Lead,2026-06-08,attended
PA01091,U0420,H023,T0340,Backend,2026-06-27,attended
PA01092,U0442,H023,T0341,Member,2026-06-09,attended
PA01093,U0458,H023,T0335,Backend,2026-06-05,attended
PA01094,U0488,H023,T0343,ML/AI,2026-06-15,attended
PA01095,U0494,H023,T0336,Frontend,2026-05-23,attended
PA01096,U0504,H023,T0339,Product,2026-06-09,attended
PA01097,U0513,H023,T0340,Member,2026-06-23,attended
PA01098,U0532,H023,,,2026-06-15,no_show
PA01099,U0539,H023,T0336,Member,2026-06-18,attended
PA01100,U0545,H023,T0332,DevOps,2026-06-07,attended
PA01101,U0555,H023,T0344,Frontend,2026-05-30,attended
PA01102,U0566,H023,T0336,Product,2026-06-28,attended
PA01103,U0574,H023,T0334,ML/AI,2026-06-07,attended
PA01104,U0618,H023,T0337,Member,2026-06-03,attended
PA01105,U0627,H023,T0333,Product,2026-06-08,attended
PA01106,U0001,H024,T0348,ML/AI,2026-08-05,attended
PA01107,U0007,H024,T0352,ML/AI,2026-07-24,attended
PA01108,U0009,H024,T0347,Lead,2026-07-05,attended
PA01109,U0014,H024,T0349,ML/AI,2026-07-10,attended
PA01110,U0043,H024,,,2026-07-26,no_show
PA01111,U0075,H024,T0352,Frontend,2026-07-02,attended
PA01112,U0118,H024,T0346,Lead,2026-07-17,attended
PA01113,U0145,H024,T0351,Mobile,2026-07-19,attended
PA01114,U0159,H024,T0346,Backend,2026-07-07,attended
PA01115,U0175,H024,,,2026-08-04,no_show
PA01116,U0214,H024,,,2026-07-13,no_show
PA01117,U0291,H024,T0349,ML/AI,2026-07-12,attended
PA01118,U0327,H024,T0347,Product,2026-07-03,attended
PA01119,U0358,H024,T0347,ML/AI,2026-07-28,attended
PA01120,U0371,H024,T0345,ML/AI,2026-07-15,attended
PA01121,U0374,H024,T0352,Lead,2026-07-14,attended
PA01122,U0382,H024,T0345,Backend,2026-07-31,attended
PA01123,U0400,H024,T0349,Mobile,2026-07-12,attended
PA01124,U0405,H024,T0351,Frontend,2026-07-04,attended
PA01125,U0416,H024,T0350,ML/AI,2026-07-07,attended
PA01126,U0417,H024,T0349,Data,2026-08-01,attended
PA01127,U0430,H024,T0345,Design,2026-07-08,attended
PA01128,U0436,H024,T0350,Member,2026-07-03,attended
PA01129,U0458,H024,,,2026-07-06,no_show
PA01130,U0474,H024,T0348,Design,2026-07-12,attended
PA01131,U0488,H024,T0351,Design,2026-07-12,attended
PA01132,U0513,H024,T0347,Member,2026-07-15,attended
PA01133,U0555,H024,T0352,Member,2026-07-06,attended
PA01134,U0565,H024,T0351,Member,2026-07-25,attended
PA01135,U0581,H024,,,2026-07-10,no_show
PA01136,U0585,H024,T0350,Frontend,2026-07-21,attended
PA01137,U0599,H024,T0346,ML/AI,2026-07-10,attended
PA01138,U0616,H024,,,2026-07-22,no_show
PA01139,U0639,H024,T0345,Backend,2026-08-05,attended
