team_id,hackathon_id,team_name,team_size
T0001,H001,Crimson Cursors,3
T0002,H001,Velvet Monoliths,2
T0003,H001,Granite Lambdas,4
T0004,H001,Humble Gradients,3
T0005,H001,Feral Lambdas,1
T0006,H001,Brass Shards,2
T0007,H001,Rapid Payloads,4
T0008,H001,Copper Shards,4
T0009,H001,Cobalt Lambdas,3
T0010,H001,Obsidian Registers,3
T0011,H001,Crimson Cascades,1
T0012,H001,Neon Heaps,4
T0013,H001,Lucid Heaps,4
T0014,H001,Static Daemons,1
T0015,H001,Polar Tensors,3
T0016,H002,Static Buffers,3
T0017,H002,Lucid Anchors,3
T0018,H002,Rapid Gradients,3
T0019,H002,Copper Gradients,3
T0020,H002,Iron Tensors,3
T0021,H002,Neon Payloads,2
T0022,H002,Humble Monoliths,1
T0023,H002,Silent Shards,3
T0024,H002,Hollow Gradients,3
T0025,H002,Humble Heaps,3
T0026,H002,Polar Payloads,3
T0027,H002,Brass Sockets,3
T0028,H002,Amber Runtimes,3
T0029,H002,Feral Segfaults,3
T0030,H002,Humble Vectors,3
T0031,H002,Polar Lambdas,2
T0032,H003,Quantum Payloads,3
T0033,H003,Velvet Sockets,3
T0034,H003,Rapid Monoliths,3
T0035,H003,Cobalt Pipelines,3
T0036,H003,Brass Pipelines,3
T0037,H003,Paper Compilers,3
T0038,H003,Granite Monoliths,2
T0039,H003,Frantic Registers,3
T0040,H003,Static Compilers,3
T0041,H003,Cobalt Vectors,3
T0042,H003,Paper Sockets,3
T0043,H004,Midnight Threads,2
T0044,H004,Cobalt Gradients,3
T0045,H004,Obsidian Sockets,3
T0046,H004,Stray Tensors,3
T0047,H004,Brass Segfaults,3
T0048,H004,Neon Registers,3
T0049,H004,Iron Vectors,3
T0050,H004,Crimson Beacons,2
T0051,H004,Iron Pipelines,2
T0052,H004,Obsidian Pointers,1
T0053,H004,Hollow Callbacks,3
T0054,H004,Neon Runtimes,3
T0055,H004,Velvet Cursors,3
T0056,H004,Rogue Sockets,2
T0057,H004,Quantum Kernels,2
T0058,H005,Iron Lambdas,4
T0059,H005,Rapid Segfaults,1
T0060,H005,Hollow Callbacks,2
T0061,H005,Static Threads,2
T0062,H005,Crimson Pointers,3
T0063,H005,Iron Registers,3
T0064,H005,Frantic Cascades,4
T0065,H005,Polar Pointers,3
T0066,H005,Humble Compilers,4
T0067,H005,Polar Gradients,3
T0068,H005,Amber Cursors,3
T0069,H005,Feral Heaps,2
T0070,H005,Midnight Anchors,3
T0071,H005,Stray Runtimes,3
T0072,H005,Granite Monoliths,2
T0073,H005,Iron Mutexes,2
T0074,H005,Midnight Sockets,2
T0075,H005,Copper Runtimes,1
T0076,H006,Paper Buffers,3
T0077,H006,Neon Monoliths,2
T0078,H006,Granite Monoliths,3
T0079,H006,Brass Runtimes,2
T0080,H006,Frantic Lambdas,3
T0081,H006,Rapid Shards,3
T0082,H006,Frantic Threads,3
T0083,H006,Velvet Sockets,3
T0084,H006,Rapid Mutexes,2
T0085,H006,Granite Vectors,3
T0086,H006,Paper Pipelines,3
T0087,H006,Amber Beacons,1
T0088,H006,Midnight Segfaults,3
T0089,H006,Feral Mutexes,3
T0090,H006,Hollow Runtimes,2
T0091,H006,Granite Segfaults,1
T0092,H007,Hollow Kernels,3
T0093,H007,Rogue Kernels,2
T0094,H007,Midnight Mutexes,3
T0095,H007,Silent Buffers,3
T0096,H007,Cobalt Cascades,3
T0097,H007,Humble Monoliths,4
T0098,H007,Brass Lambdas,3
T0099,H007,Humble Pipelines,3
T0100,H007,Hollow Heaps,4
T0101,H007,Rogue Buffers,1
T0102,H007,Obsidian Segfaults,2
T0103,H007,Lucid Anchors,2
T0104,H007,Polar Payloads,4
T0105,H007,Feral Gradients,4
T0106,H007,Amber Lambdas,2
T0107,H007,Stray Vectors,3
T0108,H007,Silent Monoliths,3
T0109,H008,Midnight Registers,2
T0110,H008,Crimson Pointers,4
T0111,H008,Iron Threads,4
T0112,H008,Rapid Kernels,3
T0113,H008,Lucid Monoliths,4
T0114,H008,Cobalt Runtimes,3
T0115,H008,Rapid Registers,3
T0116,H008,Paper Cascades,4
T0117,H008,Static Sockets,4
T0118,H008,Cobalt Cascades,3
T0119,H008,Wandering Tensors,4
T0120,H008,Copper Mutexes,3
T0121,H008,Frantic Segfaults,3
T0122,H009,Iron Cursors,2
T0123,H009,Feral Gradients,3
T0124,H009,Cobalt Heaps,2
T0125,H009,Stray Beacons,4
T0126,H009,Amber Vectors,4
T0127,H009,Amber Lambdas,3
T0128,H009,Humble Cascades,3
T0129,H009,Crimson Runtimes,3
T0130,H009,Neon Buffers,2
T0131,H009,Wandering Pointers,3
T0132,H009,Wandering Registers,1
T0133,H009,Amber Pointers,4
T0134,H009,Brass Heaps,3
T0135,H009,Quantum Pointers,4
T0136,H010,Hollow Kernels,3
T0137,H010,Iron Pipelines,2
T0138,H010,Rogue Cursors,3
T0139,H010,Obsidian Payloads,2
T0140,H010,Paper Mutexes,2
T0141,H010,Frantic Pointers,3
T0142,H010,Midnight Heaps,3
T0143,H010,Brass Beacons,3
T0144,H010,Iron Monoliths,2
T0145,H010,Static Registers,3
T0146,H010,Silent Vectors,3
T0147,H010,Polar Mutexes,3
T0148,H010,Crimson Buffers,1
T0149,H010,Stray Vectors,3
T0150,H010,Midnight Payloads,3
T0151,H010,Iron Cascades,1
T0152,H011,Velvet Threads,3
T0153,H011,Midnight Daemons,3
T0154,H011,Amber Runtimes,4
T0155,H011,Crimson Kernels,4
T0156,H011,Static Segfaults,2
T0157,H011,Quantum Heaps,4
T0158,H011,Granite Sockets,3
T0159,H011,Feral Daemons,3
T0160,H011,Midnight Buffers,3
T0161,H011,Humble Monoliths,3
T0162,H011,Neon Pipelines,3
T0163,H011,Humble Anchors,3
T0164,H012,Midnight Registers,4
T0165,H012,Quantum Payloads,3
T0166,H012,Granite Runtimes,4
T0167,H012,Velvet Buffers,3
T0168,H012,Wandering Beacons,3
T0169,H012,Lucid Daemons,3
T0170,H012,Neon Cascades,2
T0171,H012,Cobalt Pipelines,3
T0172,H012,Static Cascades,3
T0173,H012,Brass Compilers,3
T0174,H012,Crimson Beacons,3
T0175,H012,Rapid Beacons,3
T0176,H012,Velvet Runtimes,3
T0177,H012,Cobalt Vectors,2
T0178,H013,Neon Buffers,3
T0179,H013,Wandering Vectors,3
T0180,H013,Lucid Runtimes,3
T0181,H013,Neon Pointers,3
T0182,H013,Humble Lambdas,2
T0183,H013,Velvet Shards,3
T0184,H013,Crimson Lambdas,2
T0185,H013,Silent Compilers,3
T0186,H013,Quantum Payloads,3
T0187,H013,Static Shards,3
T0188,H013,Wandering Monoliths,2
T0189,H013,Iron Anchors,3
T0190,H013,Granite Runtimes,3
T0191,H013,Neon Daemons,3
T0192,H013,Wandering Cursors,3
T0193,H013,Silent Cursors,3
T0194,H013,Silent Callbacks,3
T0195,H013,Rogue Compilers,3
T0196,H013,Brass Segfaults,1
T0197,H014,Iron Beacons,3
T0198,H014,Copper Kernels,3
T0199,H014,Crimson Cursors,3
T0200,H014,Paper Lambdas,3
T0201,H014,Hollow Kernels,3
T0202,H014,Frantic Segfaults,4
T0203,H014,Quantum Gradients,4
T0204,H014,Lucid Compilers,4
T0205,H014,Obsidian Pipelines,4
T0206,H014,Iron Shards,3
T0207,H014,Iron Pointers,3
T0208,H014,Polar Pipelines,4
T0209,H014,Rogue Tensors,2
T0210,H015,Midnight Lambdas,4
T0211,H015,Cobalt Tensors,2
T0212,H015,Rogue Beacons,3
T0213,H015,Humble Gradients,3
T0214,H015,Silent Pipelines,4
T0215,H015,Neon Mutexes,4
T0216,H015,Granite Vectors,3
T0217,H015,Rogue Compilers,3
T0218,H015,Hollow Segfaults,4
T0219,H015,Stray Heaps,3
T0220,H016,Granite Shards,3
T0221,H016,Stray Compilers,2
T0222,H016,Amber Gradients,3
T0223,H016,Hollow Daemons,3
T0224,H016,Lucid Cursors,3
T0225,H016,Rogue Threads,3
T0226,H016,Granite Runtimes,3
T0227,H016,Brass Pointers,3
T0228,H016,Quantum Compilers,3
T0229,H016,Velvet Tensors,3
T0230,H016,Neon Gradients,2
T0231,H016,Static Daemons,3
T0232,H016,Crimson Mutexes,2
T0233,H016,Quantum Anchors,3
T0234,H016,Copper Kernels,1
T0235,H016,Crimson Tensors,3
T0236,H016,Granite Vectors,3
T0237,H016,Feral Callbacks,3
T0238,H017,Frantic Daemons,4
T0239,H017,Lucid Registers,3
T0240,H017,Frantic Registers,3
T0241,H017,Paper Pointers,3
T0242,H017,Frantic Vectors,3
T0243,H017,Silent Anchors,3
T0244,H017,Rogue Payloads,4
T0245,H017,Humble Segfaults,4
T0246,H017,Paper Beacons,2
T0247,H017,Neon Payloads,3
T0248,H017,Quantum Shards,2
T0249,H017,Silent Tensors,2
T0250,H017,Lucid Monoliths,3
T0251,H018,Silent Anchors,2
T0252,H018,Amber Cascades,4
T0253,H018,Neon Heaps,3
T0254,H018,Frantic Threads,4
T0255,H018,Stray Kernels,1
T0256,H018,Neon Mutexes,1
T0257,H018,Hollow Callbacks,4
T0258,H018,Rapid Gradients,3
T0259,H018,Silent Monoliths,3
T0260,H018,Frantic Cascades,1
T0261,H018,Velvet Tensors,4
T0262,H018,Obsidian Shards,3
T0263,H018,Static Compilers,3
T0264,H018,Quantum Cascades,1
T0265,H018,Crimson Lambdas,3
T0266,H018,Feral Callbacks,3
T0267,H018,Stray Registers,1
T0268,H019,Neon Lambdas,2
T0269,H019,Stray Registers,2
T0270,H019,Frantic Payloads,4
T0271,H019,Frantic Gradients,3
T0272,H019,Humble Lambdas,4
T0273,H019,Midnight Daemons,2
T0274,H019,Copper Shards,3
T0275,H019,Velvet Beacons,3
T0276,H019,Static Beacons,4
T0277,H019,Neon Vectors,3
T0278,H019,Copper Registers,4
T0279,H019,Iron Pointers,3
T0280,H019,Feral Kernels,1
T0281,H019,Feral Cascades,3
T0282,H020,Granite Tensors,4
T0283,H020,Polar Mutexes,1
T0284,H020,Wandering Daemons,3
T0285,H020,Stray Runtimes,4
T0286,H020,Paper Kernels,4
T0287,H020,Amber Tensors,2
T0288,H020,Copper Heaps,2
T0289,H020,Brass Runtimes,2
T0290,H020,Paper Anchors,4
T0291,H020,Feral Pointers,4
T0292,H020,Feral Callbacks,3
T0293,H020,Iron Shards,3
T0294,H020,Silent Segfaults,3
T0295,H020,Feral Heaps,3
T0296,H020,Quantum Segfaults,3
T0297,H020,Amber Mutexes,2
T0298,H020,Polar Kernels,1
T0299,H021,Granite Heaps,4
T0300,H021,Lucid Sockets,3
T0301,H021,Rogue Buffers,3
T0302,H021,Crimson Callbacks,2
T0303,H021,Velvet Cursors,4
T0304,H021,Quantum Segfaults,3
T0305,H021,Hollow Shards,3
T0306,H021,Stray Registers,2
T0307,H021,Midnight Gradients,3
T0308,H021,Iron Tensors,3
T0309,H021,Hollow Cascades,2
T0310,H021,Rapid Gradients,3
T0311,H021,Hollow Gradients,4
T0312,H022,Iron Runtimes,3
T0313,H022,Obsidian Anchors,3
T0314,H022,Static Anchors,3
T0315,H022,Granite Gradients,2
T0316,H022,Brass Pipelines,2
T0317,H022,Iron Vectors,3
T0318,H022,Crimson Cascades,1
T0319,H022,Humble Monoliths,1
T0320,H022,Rapid Callbacks,2
T0321,H022,Copper Registers,3
T0322,H022,Cobalt Buffers,3
T0323,H022,Obsidian Cursors,3
T0324,H022,Frantic Vectors,2
T0325,H022,Neon Runtimes,3
T0326,H022,Feral Monoliths,3
T0327,H022,Stray Cascades,3
T0328,H022,Quantum Anchors,3
T0329,H022,Granite Pipelines,3
T0330,H022,Midnight Beacons,2
T0331,H022,Wandering Beacons,2
T0332,H023,Copper Mutexes,4
T0333,H023,Velvet Mutexes,3
T0334,H023,Hollow Compilers,3
T0335,H023,Rapid Anchors,3
T0336,H023,Feral Lambdas,3
T0337,H023,Quantum Pointers,2
T0338,H023,Cobalt Gradients,1
T0339,H023,Cobalt Heaps,2
T0340,H023,Amber Heaps,4
T0341,H023,Silent Heaps,4
T0342,H023,Brass Tensors,2
T0343,H023,Polar Heaps,4
T0344,H023,Brass Pointers,4
T0345,H024,Rogue Pointers,4
T0346,H024,Quantum Registers,3
T0347,H024,Rogue Kernels,4
T0348,H024,Stray Sockets,2
T0349,H024,Lucid Vectors,4
T0350,H024,Crimson Cursors,3
T0351,H024,Amber Heaps,4
T0352,H024,Velvet Lambdas,4
